Vertices,Gen set,Diameter,Average distance,Bisection width,Connections
112,7 8,7,4.98198,30,224
112,7 24,7,4.98198,62,224
112,7 40,7,4.98198,94,224
112,8 21,7,4.98198,58,224
112,8 35,7,4.98198,86,224
112,8 49,7,4.98198,114,224
112,21 24,7,4.98198,90,224
112,21 40,7,4.98198,122,224
112,24 35,7,4.98198,118,224
112,24 49,7,4.98198,146,224
112,35 40,7,4.98198,150,224
112,40 49,7,4.98198,178,224
