Vertices,Gen set,Diameter,Average distance,Bisection width,Connections
144,8 9,8,5.65035,34,288
144,8 27,8,5.65035,70,288
144,8 45,8,5.65035,106,288
144,8 63,8,5.65035,142,288
144,9 40,8,5.65035,98,288
144,9 56,8,5.65035,130,288
144,27 40,8,5.65035,134,288
144,27 56,8,5.65035,166,288
144,40 45,8,5.65035,170,288
144,40 63,8,5.65035,206,288
144,45 56,8,5.65035,202,288
144,56 63,8,5.65035,238,288
