Vertices,Gen set,Diameter,Average distance,Bisection width,Connections
15,1 4,3,1.85714,10,30
15,1 6,3,1.85714,14,30
15,2 3,3,1.85714,10,30
15,2 7,3,1.85714,18,30
15,3 7,3,1.85714,20,30
15,4 6,3,1.85714,20,30
