Vertices,Gen set,Diameter,Average distance,Bisection width,Connections
180,9 10,9,6.31844,38,360
180,9 50,9,6.31844,118,360
180,9 70,9,6.31844,158,360
180,10 27,9,6.31844,74,360
180,10 63,9,6.31844,146,360
180,10 81,9,6.31844,182,360
180,27 50,9,6.31844,154,360
180,27 70,9,6.31844,194,360
180,50 63,9,6.31844,226,360
180,50 81,9,6.31844,262,360
180,63 70,9,6.31844,266,360
180,70 81,9,6.31844,302,360
