Vertices,Gen set,Diameter,Average distance,Bisection width,Connections
18,1 4,3,2.05882,10,36
18,1 5,3,2.05882,12,36
18,1 7,3,2.05882,16,36
18,2 3,3,2.05882,10,36
18,2 5,3,2.05882,14,36
18,3 4,3,2.05882,14,36
18,3 8,3,2.05882,22,36
18,5 7,3,2.05882,24,36
18,7 8,3,2.05882,30,36
