Vertices,Gen set,Diameter,Average distance,Bisection width,Connections
19,1 4,3,2.11111,10,38
19,1 5,3,2.11111,12,38
19,1 7,3,2.11111,16,38
19,1 8,3,2.11111,18,38
19,2 3,3,2.11111,10,38
19,2 5,3,2.11111,14,38
19,2 8,3,2.11111,20,38
19,2 9,3,2.11111,22,38
19,3 4,3,2.11111,14,38
19,3 5,3,2.11111,16,38
19,3 7,3,2.11111,20,38
19,4 6,3,2.11111,20,38
19,4 9,3,2.11111,26,38
19,5 6,3,2.11111,22,38
19,6 8,3,2.11111,28,38
19,6 9,3,2.11111,30,38
19,7 8,3,2.11111,30,38
19,7 9,3,2.11111,32,38
