Vertices,Gen set,Diameter,Average distance,Bisection width,Connections
23,1 5,3,2.27273,12,46
23,1 9,3,2.27273,20,46
23,2 5,3,2.27273,14,46
23,2 10,3,2.27273,24,46
23,3 4,3,2.27273,14,46
23,3 8,3,2.27273,22,46
23,4 10,3,2.27273,28,46
23,6 7,3,2.27273,26,46
23,6 8,3,2.27273,28,46
23,7 11,3,2.27273,36,46
23,9 11,3,2.27273,40,46
