Vertices,Gen set,Diameter,Average distance,Bisection width,Connections
27,1 6,4,2.46154,14,54
27,2 12,4,2.46154,28,54
27,3 4,4,2.46154,14,54
27,3 5,4,2.46154,16,54
27,3 13,4,2.46154,32,54
27,6 8,4,2.46154,28,54
27,6 10,4,2.46154,32,54
27,7 12,4,2.46154,38,54
27,11 12,4,2.46154,46,54
