Vertices,Gen set,Diameter,Average distance,Bisection width,Connections
28,1 6,4,2.51852,14,56
28,1 8,4,2.51852,18,56
28,2 5,4,2.51852,14,56
28,2 9,4,2.51852,22,56
28,3 4,4,2.51852,14,56
28,3 10,4,2.51852,26,56
28,4 11,4,2.51852,30,56
28,5 12,4,2.51852,34,56
28,6 13,4,2.51852,38,56
28,8 13,4,2.51852,42,56
28,9 12,4,2.51852,42,56
28,10 11,4,2.51852,42,56
