Vertices,Gen set,Diameter,Average distance,Bisection width,Connections
30,2 9,4,2.62069,22,60
30,3 4,4,2.62069,14,60
30,3 14,4,2.62069,34,60
30,8 9,4,2.62069,34,60
