Vertices,Gen set,Diameter,Average distance,Bisection width,Connections
32,1 7,4,2.70968,16,64
32,1 9,4,2.70968,20,64
32,1 12,4,2.70968,26,64
32,3 4,4,2.70968,14,64
32,3 5,4,2.70968,16,64
32,3 11,4,2.70968,28,64
32,4 5,4,2.70968,18,64
32,4 11,4,2.70968,30,64
32,4 13,4,2.70968,34,64
32,5 13,4,2.70968,36,64
32,7 12,4,2.70968,38,64
32,7 15,4,2.70968,44,64
32,9 12,4,2.70968,42,64
32,9 15,4,2.70968,48,64
32,11 13,4,2.70968,48,64
32,12 15,4,2.70968,54,64
