Vertices,Gen set,Diameter,Average distance,Bisection width,Connections
34,1 6,4,2.78788,14,68
34,2 11,4,2.78788,26,68
34,3 16,4,2.78788,38,68
34,4 5,4,2.78788,18,68
34,7 8,4,2.78788,30,68
34,9 14,4,2.78788,46,68
34,10 13,4,2.78788,46,68
34,12 15,4,2.78788,54,68
