Vertices,Gen set,Diameter,Average distance,Bisection width,Connections
35,1 10,4,2.82353,22,70
35,2 15,4,2.82353,34,70
35,3 5,4,2.82353,16,70
35,4 5,4,2.82353,18,70
35,5 11,4,2.82353,32,70
35,5 17,4,2.82353,44,70
35,6 10,4,2.82353,32,70
35,8 10,4,2.82353,36,70
35,9 15,4,2.82353,48,70
35,10 13,4,2.82353,46,70
35,12 15,4,2.82353,54,70
35,15 16,4,2.82353,62,70
