Vertices,Gen set,Diameter,Average distance,Bisection width,Connections
36,1 8,4,2.85714,18,72
36,1 10,4,2.85714,22,72
36,2 7,4,2.85714,18,72
36,2 11,4,2.85714,26,72
36,4 5,4,2.85714,18,72
36,4 13,4,2.85714,34,72
36,5 14,4,2.85714,38,72
36,7 16,4,2.85714,46,72
36,8 17,4,2.85714,50,72
36,10 17,4,2.85714,54,72
36,11 16,4,2.85714,54,72
36,13 14,4,2.85714,54,72
