Vertices,Gen set,Diameter,Average distance,Bisection width,Connections
38,1 16,4,2.91892,34,76
38,2 7,4,2.91892,18,76
38,3 10,4,2.91892,26,76
38,4 5,4,2.91892,18,76
38,6 17,4,2.91892,46,76
38,8 9,4,2.91892,34,76
38,11 14,4,2.91892,50,76
38,12 15,4,2.91892,54,76
38,13 18,4,2.91892,62,76
