Vertices,Gen set,Diameter,Average distance,Bisection width,Connections
39,1 7,4,2.94737,16,78
39,1 11,4,2.94737,24,78
39,2 14,4,2.94737,32,78
39,2 17,4,2.94737,38,78
39,4 5,4,2.94737,18,78
39,4 11,4,2.94737,30,78
39,5 16,4,2.94737,42,78
39,7 10,4,2.94737,34,78
39,8 10,4,2.94737,36,78
39,8 17,4,2.94737,50,78
39,14 19,4,2.94737,66,78
39,16 19,4,2.94737,70,78
