Vertices,Gen set,Diameter,Average distance,Bisection width,Connections
42,1 16,5,3.04878,34,84
42,2 13,5,3.04878,30,84
42,4 5,5,3.04878,18,84
42,8 11,5,3.04878,38,84
42,10 19,5,3.04878,58,84
42,17 20,5,3.04878,74,84
