Vertices,Gen set,Diameter,Average distance,Bisection width,Connections
44,1 8,5,3.13953,18,88
44,3 20,5,3.13953,46,88
44,4 5,5,3.13953,18,88
44,4 17,5,3.13953,42,88
44,7 12,5,3.13953,38,88
44,8 21,5,3.13953,58,88
44,9 16,5,3.13953,50,88
44,12 15,5,3.13953,54,88
44,13 16,5,3.13953,58,88
44,19 20,5,3.13953,78,88
