Vertices,Gen set,Diameter,Average distance,Bisection width,Connections
46,1 10,5,3.22222,22,92
46,2 9,5,3.22222,22,92
46,3 16,5,3.22222,38,92
46,4 5,5,3.22222,18,92
46,6 19,5,3.22222,50,92
46,7 22,5,3.22222,58,92
46,8 13,5,3.22222,42,92
46,11 18,5,3.22222,58,92
46,12 15,5,3.22222,54,92
46,14 17,5,3.22222,62,92
46,20 21,5,3.22222,82,92
