Vertices,Gen set,Diameter,Average distance,Bisection width,Connections
48,1 20,5,3.29787,42,96
48,2 9,5,3.29787,22,96
48,2 15,5,3.29787,34,96
48,3 10,5,3.29787,26,96
48,3 22,5,3.29787,50,96
48,4 5,5,3.29787,18,96
48,4 7,5,3.29787,22,96
48,4 17,5,3.29787,42,96
48,4 19,5,3.29787,46,96
48,9 14,5,3.29787,46,96
48,10 21,5,3.29787,62,96
48,11 20,5,3.29787,62,96
48,13 20,5,3.29787,66,96
48,14 15,5,3.29787,58,96
48,20 23,5,3.29787,86,96
48,21 22,5,3.29787,86,96
