Vertices,Gen set,Diameter,Average distance,Bisection width,Connections
54,1 12,5,3.49057,26,108
54,5 6,5,3.49057,22,108
54,6 13,5,3.49057,38,108
54,6 23,5,3.49057,58,108
54,7 24,5,3.49057,62,108
54,11 24,5,3.49057,70,108
54,12 17,5,3.49057,58,108
54,12 19,5,3.49057,62,108
54,24 25,5,3.49057,98,108
