Vertices,Gen set,Diameter,Average distance,Bisection width,Connections
56,1 10,5,3.54545,22,112
56,2 11,5,3.54545,26,112
56,2 17,5,3.54545,38,112
56,3 26,5,3.54545,58,112
56,5 6,5,3.54545,22,112
56,6 23,5,3.54545,58,112
56,9 22,5,3.54545,62,112
56,10 27,5,3.54545,74,112
56,13 18,5,3.54545,62,112
56,15 18,5,3.54545,66,112
56,19 22,5,3.54545,82,112
56,25 26,5,3.54545,102,112
