Vertices,Gen set,Diameter,Average distance,Bisection width,Connections
58,1 22,5,3.59649,46,116
58,2 21,5,3.59649,46,116
58,3 8,5,3.59649,22,116
58,4 13,5,3.59649,34,116
58,5 6,5,3.59649,22,116
58,7 20,5,3.59649,54,116
58,9 24,5,3.59649,66,116
58,10 11,5,3.59649,42,116
58,12 19,5,3.59649,62,116
58,14 27,5,3.59649,82,116
58,15 18,5,3.59649,66,116
58,16 23,5,3.59649,78,116
58,17 26,5,3.59649,86,116
58,25 28,5,3.59649,106,116
