Vertices,Gen set,Diameter,Average distance,Bisection width,Connections
61,1 11,5,3.66667,24,122
61,2 22,5,3.66667,48,122
61,3 28,5,3.66667,62,122
61,4 17,5,3.66667,42,122
61,5 6,5,3.66667,22,122
61,7 16,5,3.66667,46,122
61,8 27,5,3.66667,70,122
61,9 23,5,3.66667,64,122
61,10 12,5,3.66667,44,122
61,13 21,5,3.66667,68,122
61,14 29,5,3.66667,86,122
61,15 18,5,3.66667,66,122
61,19 26,5,3.66667,90,122
61,20 24,5,3.66667,88,122
61,25 30,5,3.66667,110,122
