Vertices,Gen set,Diameter,Average distance,Bisection width,Connections
62,1 26,6,3.70492,54,124
62,2 19,6,3.70492,42,124
62,3 16,6,3.70492,38,124
62,4 7,6,3.70492,22,124
62,5 6,6,3.70492,22,124
62,8 17,6,3.70492,50,124
62,9 14,6,3.70492,46,124
62,10 29,6,3.70492,78,124
62,11 24,6,3.70492,70,124
62,12 21,6,3.70492,66,124
62,13 28,6,3.70492,82,124
62,15 18,6,3.70492,66,124
62,20 27,6,3.70492,94,124
62,22 23,6,3.70492,90,124
62,25 30,6,3.70492,110,124
