Vertices,Gen set,Diameter,Average distance,Bisection width,Connections
64,1 14,6,3.77778,30,128
64,2 9,6,3.77778,22,128
64,2 23,6,3.77778,50,128
64,3 22,6,3.77778,50,128
64,5 6,6,3.77778,22,128
64,6 27,6,3.77778,66,128
64,7 30,6,3.77778,74,128
64,10 13,6,3.77778,46,128
64,10 19,6,3.77778,58,128
64,11 26,6,3.77778,74,128
64,14 31,6,3.77778,90,128
64,15 18,6,3.77778,66,128
64,17 18,6,3.77778,70,128
64,21 26,6,3.77778,94,128
64,22 29,6,3.77778,102,128
64,25 30,6,3.77778,110,128
