Vertices,Gen set,Diameter,Average distance,Bisection width,Connections
68,1 26,6,3.91045,54,136
68,2 13,6,3.91045,30,136
68,2 21,6,3.91045,46,136
68,3 10,6,3.91045,26,136
68,5 6,6,3.91045,22,136
68,6 29,6,3.91045,70,136
68,7 22,6,3.91045,58,136
68,9 30,6,3.91045,78,136
68,10 31,6,3.91045,82,136
68,11 14,6,3.91045,50,136
68,14 23,6,3.91045,74,136
68,15 18,6,3.91045,66,136
68,18 19,6,3.91045,74,136
68,22 27,6,3.91045,98,136
68,25 30,6,3.91045,110,136
68,26 33,6,3.91045,118,136
