Vertices,Gen set,Diameter,Average distance,Bisection width,Connections
70,2 25,6,3.97101,54,140
70,4 15,6,3.97101,38,140
70,5 6,6,3.97101,22,140
70,5 8,6,3.97101,26,140
70,5 22,6,3.97101,54,140
70,5 34,6,3.97101,78,140
70,12 25,6,3.97101,74,140
70,15 18,6,3.97101,66,140
70,15 24,6,3.97101,78,140
70,15 32,6,3.97101,94,140
70,16 25,6,3.97101,82,140
70,25 26,6,3.97101,102,140
