Vertices,Gen set,Diameter,Average distance,Bisection width,Connections
80,1 22,6,4.22785,46,160
80,2 11,6,4.22785,26,160
80,2 29,6,4.22785,62,160
80,3 14,6,4.22785,34,160
80,6 7,6,4.22785,26,160
80,6 33,6,4.22785,78,160
80,9 38,6,4.22785,94,160
80,13 34,6,4.22785,94,160
80,14 37,6,4.22785,102,160
80,17 26,6,4.22785,86,160
80,18 19,6,4.22785,74,160
80,18 21,6,4.22785,78,160
80,22 39,6,4.22785,122,160
80,23 26,6,4.22785,98,160
80,27 34,6,4.22785,122,160
80,31 38,6,4.22785,138,160
