Vertices,Gen set,Diameter,Average distance,Bisection width,Connections
84,6 7,6,4.31325,26,168
84,6 35,6,4.31325,82,168
84,7 18,6,4.31325,50,168
84,7 30,6,4.31325,74,168
84,18 35,6,4.31325,106,168
84,30 35,6,4.31325,130,168
