Vertices,Gen set,Diameter,Average distance,Bisection width,Connections
85,1 13,6,4.33333,28,170
85,2 26,6,4.33333,56,170
85,3 39,6,4.33333,84,170
85,4 33,6,4.33333,74,170
85,6 7,6,4.33333,26,170
85,8 19,6,4.33333,54,170
85,9 32,6,4.33333,82,170
85,11 27,6,4.33333,76,170
85,12 14,6,4.33333,52,170
85,16 38,6,4.33333,108,170
85,18 21,6,4.33333,78,170
85,22 31,6,4.33333,106,170
85,23 41,6,4.33333,128,170
85,24 28,6,4.33333,104,170
85,29 37,6,4.33333,132,170
85,36 42,6,4.33333,156,170
