Vertices,Gen set,Diameter,Average distance,Bisection width,Connections
90,1 12,7,4.48315,26,180
90,6 7,7,4.48315,26,180
90,6 23,7,4.48315,58,180
90,6 37,7,4.48315,86,180
90,11 42,7,4.48315,106,180
90,12 29,7,4.48315,82,180
90,12 31,7,4.48315,86,180
90,13 24,7,4.48315,74,180
90,17 24,7,4.48315,82,180
90,19 42,7,4.48315,122,180
90,24 43,7,4.48315,134,180
90,41 42,7,4.48315,166,180
