Vertices,Gen set,Diameter,Average distance,Bisection width,Connections
104,1 16 20 27,3,2.53398,128,416
104,3 23 44 48,3,2.53398,236,416
104,4 5 24 31,3,2.53398,128,416
104,4 21 24 47,3,2.53398,192,416
104,7 8 19 36,3,2.53398,140,416
104,8 33 36 45,3,2.53398,244,416
104,9 28 35 40,3,2.53398,224,416
104,11 12 15 32,3,2.53398,140,416
104,12 32 37 41,3,2.53398,244,416
104,16 20 25 51,3,2.53398,224,416
104,17 28 40 43,3,2.53398,256,416
104,29 44 48 49,3,2.53398,340,416
