Vertices,Gen set,Diameter,Average distance,Bisection width,Connections
12,1 2 3 4,2,1.27273,20,48
12,1 2 3 5,2,1.27273,22,48
12,1 2 4 5,2,1.27273,24,48
12,1 3 4 5,2,1.27273,26,48
12,2 3 4 5,2,1.27273,28,48
