Vertices,Gen set,Diameter,Average distance,Bisection width,Connections
14,1 2 3 4,2,1.38462,20,56
14,1 2 3 5,2,1.38462,22,56
14,1 2 3 6,2,1.38462,24,56
14,1 2 4 5,2,1.38462,24,56
14,1 2 4 6,2,1.38462,26,56
14,1 2 5 6,2,1.38462,28,56
14,1 3 4 5,2,1.38462,26,56
14,1 3 4 6,2,1.38462,28,56
14,1 3 5 6,2,1.38462,30,56
14,1 4 5 6,2,1.38462,32,56
14,2 3 4 5,2,1.38462,28,56
14,2 3 4 6,2,1.38462,30,56
14,2 3 5 6,2,1.38462,32,56
14,2 4 5 6,2,1.38462,34,56
14,3 4 5 6,2,1.38462,36,56
