Vertices,Gen set,Diameter,Average distance,Bisection width,Connections
140,1 7 30 41,4,2.78417,158,560
140,3 17 21 50,4,2.78417,182,560
140,7 10 19 61,4,2.78417,194,560
140,7 39 50 59,4,2.78417,310,560
140,9 10 51 63,4,2.78417,266,560
140,10 21 23 37,4,2.78417,182,560
140,10 33 47 49,4,2.78417,278,560
140,11 31 50 63,4,2.78417,310,560
140,13 27 30 49,4,2.78417,238,560
140,21 30 43 57,4,2.78417,302,560
140,29 30 63 69,4,2.78417,382,560
140,49 50 53 67,4,2.78417,438,560
