Vertices,Gen set,Diameter,Average distance,Bisection width,Connections
35,1 6 7 10,2,1.76471,48,140
35,1 7 11 16,2,1.76471,70,140
35,2 3 13 14,2,1.76471,64,140
35,2 12 14 15,2,1.76471,86,140
35,3 5 14 17,2,1.76471,78,140
35,4 5 7 11,2,1.76471,54,140
35,4 6 7 9,2,1.76471,52,140
35,7 9 15 16,2,1.76471,94,140
35,8 10 13 14,2,1.76471,90,140
35,8 12 14 17,2,1.76471,102,140
