Vertices,Gen set,Diameter,Average distance,Bisection width,Connections
44,1 4 14 21,3,1.95349,80,176
44,1 14 18 21,3,1.95349,108,176
44,2 3 10 19,3,1.95349,68,176
44,2 3 12 19,3,1.95349,72,176
44,2 5 17 18,3,1.95349,84,176
44,5 17 18 20,3,1.95349,120,176
44,6 7 10 15,3,1.95349,76,176
44,6 8 9 13,3,1.95349,72,176
44,6 9 13 14,3,1.95349,84,176
44,7 10 15 16,3,1.95349,96,176
