Vertices,Gen set,Diameter,Average distance,Bisection width,Connections
45,1 3 11 18,3,1.95455,66,180
45,1 4 12 18,3,1.95455,70,180
45,2 6 9 22,3,1.95455,78,180
45,2 8 9 21,3,1.95455,80,180
45,3 4 16 18,3,1.95455,82,180
45,3 14 18 19,3,1.95455,108,180
45,6 7 9 17,3,1.95455,78,180
45,6 8 9 13,3,1.95455,72,180
45,7 9 13 21,3,1.95455,100,180
45,9 17 21 22,3,1.95455,138,180
45,11 12 14 18,3,1.95455,110,180
45,12 16 18 19,3,1.95455,130,180
