Vertices,Gen set,Diameter,Average distance,Bisection width,Connections
46,1 4 10 17,3,1.93333,64,184
46,1 6 16 19,3,1.93333,84,184
46,2 3 11 18,3,1.93333,68,184
46,2 9 10 15,3,1.93333,72,184
46,3 5 12 16,3,1.93333,72,184
46,4 5 7 20,3,1.93333,72,184
46,6 8 9 13,3,1.93333,72,184
46,7 18 19 22,3,1.93333,132,184
46,8 11 20 21,3,1.93333,120,184
46,12 14 15 21,3,1.93333,124,184
46,13 14 17 22,3,1.93333,132,184
