Vertices,Gen set,Diameter,Average distance,BW,Connections
128,1 8 54,5,3.33858,126,384
128,1 16 22,5,3.35433,78,384
128,1 21 58,5,3.35433,160,384
128,1 30 54,5,3.35433,170,384
128,1 46 61,5,3.35433,216,384
128,1 9 38,5,3.3622,96,384
128,1 10 57,5,3.3622,136,384
128,1 6 53,5,3.37008,120,384
128,1 22 48,5,3.37008,142,384
128,1 28 38,5,3.37008,134,384
128,1 29 46,5,3.37008,152,384
