Vertices,Gen set,Diameter,Average distance,BW,Connections
130,1 9 48,5,3.36434,116,390
130,1 22 30,5,3.36434,106,390
130,1 29 38,5,3.36434,136,390
130,1 48 56,5,3.36434,210,390
130,1 39 62,5,3.37984,204,390
130,1 47 54,5,3.37984,204,390
130,1 47 62,5,3.37984,220,390
130,1 12 45,5,3.3876,116,390
130,1 14 46,5,3.3876,122,390
130,1 14 54,5,3.3876,138,390
130,1 34 46,5,3.3876,162,390
130,1 38 50,5,3.3876,178,390
