Vertices,Gen set,Diameter,Average distance,Bisection width,Connections
80,1 9 13 16 32 37,3,1.88608,216,480
80,3 16 27 31 32 39,3,1.88608,296,480
80,7 11 16 17 19 32,3,1.88608,204,480
80,16 21 23 29 32 33,3,1.88608,308,480
