Vertices,Gen set,Diameter,Average distance,Bisection width,Connections
13,1 2 3 4 5,2,1.16667,30,65
13,1 2 3 4 6,2,1.16667,32,65
13,1 2 3 5 6,2,1.16667,34,65
13,1 2 4 5 6,2,1.16667,36,65
13,1 3 4 5 6,2,1.16667,38,65
13,2 3 4 5 6,2,1.16667,40,65
