Vertices,Gen set,Diameter,Average distance,Bisection width,Connections
14,1 2 3 4 5,2,1.23077,30,70
14,1 2 3 4 6,2,1.23077,32,70
14,1 2 3 5 6,2,1.23077,34,70
14,1 2 4 5 6,2,1.23077,36,70
14,1 3 4 5 6,2,1.23077,38,70
14,2 3 4 5 6,2,1.23077,40,70
