Vertices,Gen set,Diameter,Average distance,Bisection width,Connections
56,1 3 10 15 24,3,1.87273,106,280
56,1 5 8 19 22,3,1.87273,110,280
56,1 11 15 18 24,3,1.87273,138,280
56,2 3 11 16 23,3,1.87273,110,280
56,2 5 16 17 25,3,1.87273,130,280
56,3 9 11 16 26,3,1.87273,130,280
56,5 6 8 15 19,3,1.87273,106,280
56,6 8 9 13 23,3,1.87273,118,280
56,8 9 22 23 27,3,1.87273,178,280
56,10 13 24 25 27,3,1.87273,198,280
56,13 17 18 24 27,3,1.87273,198,280
56,16 17 19 25 26,3,1.87273,206,280
