Vertices,Gen set,Diameter,Average distance,Bisection width,Connections
70,1 6 9 20 33,3,1.98551,138,350
70,1 10 13 17 32,3,1.98551,146,350
70,1 10 24 27 31,3,1.98551,186,350
70,2 3 11 23 30,3,1.98551,138,350
70,3 10 18 27 29,3,1.98551,174,350
70,3 19 26 30 31,3,1.98551,218,350
70,4 10 11 13 29,3,1.98551,134,350
70,8 9 13 20 23,3,1.98551,146,350
70,9 11 16 17 30,3,1.98551,166,350
70,12 17 30 31 33,3,1.98551,246,350
70,19 20 22 27 33,3,1.98551,242,350
70,19 20 23 29 34,3,1.98551,250,350
