Vertices,Gen set,Diameter,Average distance,Bisection width,Connections
72,1 3 11 20 27,3,2.04225,124,360
72,1 9 13 28 33,3,2.04225,168,360
72,3 4 13 25 27,3,2.04225,144,360
72,3 23 27 28 35,3,2.04225,232,360
72,4 5 7 21 27,3,2.04225,128,360
72,4 9 11 23 33,3,2.04225,160,360
72,4 9 15 29 31,3,2.04225,176,360
72,5 9 15 17 28,3,2.04225,148,360
72,7 9 15 19 20,3,2.04225,140,360
72,9 20 25 33 35,3,2.04225,244,360
72,17 20 21 27 29,3,2.04225,228,360
72,19 21 27 28 31,3,2.04225,252,360
