Vertices,Gen set,Diameter,Average distance,Bisection width,Connections
104,4 13 20,4,3.14563,74,312
104,4 20 39,4,3.14563,126,312
104,12 13 44,4,3.14563,138,312
104,12 39 44,4,3.14563,190,312
104,13 28 36,4,3.14563,154,312
104,28 36 39,4,3.14563,206,312
