Vertices,Gen set,Diameter,Average distance,Bisection width,Connections
18,1 2 7,2,1.64706,20,54
18,1 3 8,2,1.64706,24,54
18,1 4 8,2,1.64706,26,54
18,1 5 8,2,1.64706,28,54
18,2 3 7,2,1.64706,24,54
18,2 4 5,2,1.64706,22,54
18,2 7 8,2,1.64706,34,54
18,3 4 5,2,1.64706,24,54
18,4 5 7,2,1.64706,32,54
