Vertices,Gen set,Diameter,Average distance,Bisection width,Connections
20,1 5 8,2,1.68421,28,60
20,2 4 5,2,1.68421,22,60
20,2 5 6,2,1.68421,26,60
20,3 4 5,2,1.68421,24,60
20,4 5 7,2,1.68421,32,60
20,5 6 8,2,1.68421,38,60
20,5 8 9,2,1.68421,44,60
