Vertices,Gen set,Diameter,Average distance,Bisection width,Connections
25,1 3 10,3,1.83333,28,75
25,1 5 8,3,1.83333,28,75
25,2 5 6,3,1.83333,26,75
25,2 9 10,3,1.83333,42,75
25,3 5 9,3,1.83333,34,75
25,4 5 7,3,1.83333,32,75
25,4 10 12,3,1.83333,52,75
25,5 11 12,3,1.83333,56,75
25,6 7 10,3,1.83333,46,75
25,8 10 11,3,1.83333,58,75
