Vertices,Gen set,Diameter,Average distance,Bisection width,Connections
27,1 4 10,3,1.84615,30,81
27,1 5 8,3,1.84615,28,81
27,1 7 11,3,1.84615,38,81
27,2 5 13,3,1.84615,40,81
27,2 7 8,3,1.84615,34,81
27,2 10 11,3,1.84615,46,81
27,4 5 7,3,1.84615,32,81
27,4 11 13,3,1.84615,56,81
27,8 10 13,3,1.84615,62,81
