Vertices,Gen set,Diameter,Average distance,Bisection width,Connections
28,1 4 11,3,1.88889,32,84
28,1 5 8,3,1.88889,28,84
28,3 4 13,3,1.88889,40,84
28,3 5 12,3,1.88889,40,84
28,8 9 13,3,1.88889,60,84
28,9 11 12,3,1.88889,64,84
