Vertices,Gen set,Diameter,Average distance,Bisection width,Connections
29,1 5 13,3,1.92857,38,87
29,1 6 9,3,1.92857,32,87
29,1 9 13,3,1.92857,46,87
29,2 3 10,3,1.92857,30,87
29,2 3 11,3,1.92857,32,87
29,2 11 12,3,1.92857,50,87
29,3 10 14,3,1.92857,54,87
29,4 5 7,3,1.92857,32,87
29,4 6 7,3,1.92857,34,87
29,4 6 9,3,1.92857,38,87
29,5 7 13,3,1.92857,50,87
29,8 10 14,3,1.92857,64,87
29,8 11 12,3,1.92857,62,87
29,8 12 14,3,1.92857,68,87
