Vertices,Gen set,Diameter,Average distance,Bisection width,Connections
30,1 5 8,3,1.96552,28,90
30,1 8 12,3,1.96552,42,90
30,2 5 11,3,1.96552,36,90
30,2 8 9,3,1.96552,38,90
30,2 11 12,3,1.96552,50,90
30,3 4 14,3,1.96552,42,90
30,4 5 7,3,1.96552,32,90
30,4 6 7,3,1.96552,34,90
30,5 13 14,3,1.96552,64,90
30,6 13 14,3,1.96552,66,90
