Vertices,Gen set,Diameter,Average distance,Bisection width,Connections
50,1 8 12,3,2.38776,42,150
50,2 18 21,3,2.38776,82,150
50,2 19 22,3,2.38776,86,150
50,3 14 24,3,2.38776,82,150
50,4 6 13,3,2.38776,46,150
50,4 14 17,3,2.38776,70,150
50,6 7 16,3,2.38776,58,150
50,8 9 22,3,2.38776,78,150
50,11 12 18,3,2.38776,82,150
50,16 23 24,3,2.38776,126,150
