Vertices,Gen set,Diameter,Average distance,Bisection width,Connections
52,2 10 13,3,2.43137,50,156
52,6 13 22,3,2.43137,82,156
52,13 14 18,3,2.43137,90,156
