Vertices,Gen set,Diameter,Average distance,Bisection width,Connections
54,1 8 12,4,2.45283,42,162
54,2 7 24,4,2.45283,66,162
54,4 6 13,4,2.45283,46,162
54,5 6 14,4,2.45283,50,162
54,6 22 23,4,2.45283,102,162
54,10 12 19,4,2.45283,82,162
54,11 20 24,4,2.45283,110,162
54,12 17 26,4,2.45283,110,162
54,16 24 25,4,2.45283,130,162
