Vertices,Gen set,Diameter,Average distance,Bisection width,Connections
56,2 7 24,4,2.49091,66,168
56,2 21 24,4,2.49091,94,168
56,6 7 16,4,2.49091,58,168
56,6 16 21,4,2.49091,86,168
56,7 8 10,4,2.49091,50,168
56,7 8 18,4,2.49091,66,168
56,7 16 22,4,2.49091,90,168
56,7 24 26,4,2.49091,114,168
56,8 10 21,4,2.49091,78,168
56,8 18 21,4,2.49091,94,168
56,16 21 22,4,2.49091,118,168
56,21 24 26,4,2.49091,142,168
