Vertices,Gen set,Diameter,Average distance,Bisection width,Connections
62,1 5 18,4,2.57377,48,186
62,1 16 25,4,2.57377,84,186
62,2 7 27,4,2.57377,72,186
62,3 8 15,4,2.57377,52,186
62,3 13 14,4,2.57377,60,186
62,4 17 23,4,2.57377,88,186
62,5 25 28,4,2.57377,116,186
62,6 19 21,4,2.57377,92,186
62,7 11 12,4,2.57377,60,186
62,9 17 24,4,2.57377,100,186
62,9 20 23,4,2.57377,104,186
62,10 11 27,4,2.57377,96,186
62,13 15 22,4,2.57377,100,186
62,19 29 30,4,2.57377,156,186
62,21 26 29,4,2.57377,152,186
