Vertices,Gen set,Diameter,Average distance,Bisection width,Connections
70,1 16 25,4,2.66667,84,210
70,2 13 25,4,2.66667,80,210
70,3 5 22,4,2.66667,60,210
70,4 9 15,4,2.66667,56,210
70,5 6 31,4,2.66667,84,210
70,5 8 17,4,2.66667,60,210
70,5 11 34,4,2.66667,100,210
70,12 25 27,4,2.66667,128,210
70,15 18 23,4,2.66667,112,210
70,15 19 24,4,2.66667,116,210
70,15 32 33,4,2.66667,160,210
70,25 26 29,4,2.66667,160,210
