Vertices,Gen set,Diameter,Average distance,Bisection width,Connections
72,1 8 30,4,2.70423,78,216
72,5 6 32,4,2.70423,86,216
72,6 7 16,4,2.70423,58,216
72,6 8 17,4,2.70423,62,216
72,6 8 19,4,2.70423,66,216
72,6 16 29,4,2.70423,102,216
72,6 31 32,4,2.70423,138,216
72,8 30 35,4,2.70423,146,216
72,11 16 30,4,2.70423,114,216
72,13 30 32,4,2.70423,150,216
72,16 25 30,4,2.70423,142,216
72,23 30 32,4,2.70423,170,216
