Vertices,Gen set,Diameter,Average distance,Bisection width,Connections
106,1 12 20,5,3.14286,66,318
106,1 14 19,5,3.14286,68,318
106,1 14 34,5,3.14286,98,318
106,1 16 22,5,3.14286,78,318
106,1 16 39,5,3.14286,112,318
106,1 20 50,5,3.14286,142,318
106,1 24 38,5,3.14286,126,318
