Vertices,Gen set,Diameter,Average distance,Bisection width,Connections
130,1 9 48,5,3.36434,116,390
130,1 22 30,5,3.36434,106,390
130,1 29 38,5,3.36434,136,390
130,1 48 56,5,3.36434,210,390
