Vertices,Gen set,Diameter,Average distance,BW,Connections
1022,1 30 317,10,6.83741,696,3066
1022,1 174 403,10,6.83741,1156,3066
