Vertices,Gen set,Diameter,Average distance,Bisection width,Connections
137,1 9 57,5,3.42647,134,411
137,1 12 29,5,3.42647,84,411
137,1 52 61,5,3.42647,228,411
