Vertices,Gen set,Diameter,Average distance,Bisection width,Connections
194,1 12 82,6,3.88083,190,582
194,1 20 90,6,3.88083,222,582
194,1 52 80,6,3.88083,266,582
194,1 60 93,6,3.88083,308,582
194,1 73 82,6,3.88083,312,582
