Vertices,Gen set,Diameter,Average distance,Bisection width,Connections
153,1 17 41,5,3.55263,118,459
153,1 20 49,5,3.55263,140,459
153,1 23 56,5,3.55263,160,459
153,1 25 41,5,3.55263,134,459
153,1 34 56,5,3.55263,182,459
