Vertices,Gen set,Diameter,Average distance,BW,Connections
1009,1 21 271,10,6.80952,586,3027
1009,1 48 109,10,6.80952,316,3027
1009,1 74 95,10,6.80952,340,3027
1009,1 115 135,10,6.80952,502,3027
1009,1 124 150,10,6.80952,550,3027
1009,1 142 186,10,6.80952,658,3027
1009,1 272 396,10,6.80952,1338,3027
1009,1 308 415,10,6.80952,1448,3027
1009,1 324 417,10,6.80952,1484,3027
