Vertices,Gen set,Diameter,Average distance,Bisection width,Connections
121,1 35 56,5,3.26667,184,363
121,1 38 50,5,3.26667,178,363
121,1 46 54,5,3.26667,202,363
