Vertices,Gen set,Diameter,Average distance,Bisection width,Connections
1011,1 37 354,10,6.80792,784,3033
1011,1 61 265,10,6.80792,654,3033
1011,1 82 291,10,6.80792,748,3033
1011,1 116 410,10,6.80792,1054,3033
1011,1 397 454,10,6.80792,1704,3033
