Vertices,Gen set,Diameter,Average distance,Bisection width,Connections
170,1 9 64,5,3.69822,148,510
170,1 14 74,5,3.69822,178,510
170,1 19 26,5,3.69822,92,510
170,1 22 36,5,3.69822,118,510
170,1 40 72,5,3.69822,226,510
