Vertices,Gen set,Diameter,Average distance,Bisection width,Connections
175,1 10 53,5,3.73563,128,525
175,1 14 76,5,3.73563,182,525
175,1 20 33,5,3.73563,108,525
