Vertices,Gen set,Diameter,Average distance,Bisection width,Connections
176,1 16 41,5,3.74286,116,528
176,1 23 80,5,3.74286,208,528
176,1 64 73,5,3.74286,276,528
