Vertices,Gen set,Diameter,Average distance,Bisection width,Connections
199,1 24 92,6,3.90909,234,597
199,1 37 58,6,3.90909,192,597
199,1 38 70,6,3.90909,218,597
199,1 43 93,6,3.90909,274,597
199,1 54 62,6,3.90909,234,597
199,1 61 89,6,3.90909,302,597
