Vertices,Gen set,Diameter,Average distance,Bisection width,Connections
172,1 11 52,5,3.71345,128,516
172,1 17 28,5,3.71345,92,516
172,1 32 50,5,3.71345,166,516
172,1 32 81,5,3.71345,228,516
172,1 36 47,5,3.71345,168,516
