Vertices,Gen set,Diameter,Average distance,Bisection width,Connections
133,1 6 37,5,3.39394,88,399
133,1 11 58,5,3.39394,140,399
133,1 12 31,5,3.39394,88,399
133,1 16 22,5,3.39394,78,399
133,1 18 25,5,3.39394,88,399
133,1 20 49,5,3.39394,140,399
133,1 21 29,5,3.39394,102,399
133,1 30 39,5,3.39394,140,399
133,1 42 55,5,3.39394,196,399
