Vertices,Gen set,Diameter,Average distance,Bisection width,Connections
112,1 18 42,5,3.20721,122,336
112,1 19 26,5,3.20721,92,336
112,1 34 53,5,3.20721,176,336
112,1 35 46,5,3.20721,164,336
