Vertices,Gen set,Diameter,Average distance,Bisection width,Connections
105,1 5 41,4,3.15385,94,315
105,1 7 29,4,3.15385,74,315
105,1 16 22,4,3.15385,78,315
105,1 38 46,4,3.15385,170,315
105,1 43 47,4,3.15385,182,315
