Vertices,Gen set,Diameter,Average distance,BW,Connections
1004,1 86 297,10,6.78863,768,3012
1004,1 311 362,10,6.78863,1348,3012
