Vertices,Gen set,Diameter,Average distance,Bisection width,Connections
187,1 5 41,5,3.89247,94,561
187,1 9 73,5,3.89247,166,561
187,1 75 83,5,3.89247,318,561
