Vertices,Gen set,Diameter,Average distance,Bisection width,Connections
115,1 6 44,5,3.22807,102,345
115,1 15 37,5,3.22807,106,345
115,1 19 31,5,3.22807,102,345
115,1 26 34,5,3.22807,122,345
115,1 28 40,5,3.22807,138,345
