Vertices,Gen set,Diameter,Average distance,Bisection width,Connections
14,1 2 5,2,1.53846,16,42
14,1 2 6,2,1.53846,18,42
14,1 3 4,2,1.53846,16,42
14,1 3 6,2,1.53846,20,42
14,1 4 6,2,1.53846,22,42
14,1 5 6,2,1.53846,24,42
