Vertices,Gen set,Diameter,Average distance,Bisection width,Connections
119,1 9 48,5,3.27119,116,357
119,1 13 32,5,3.27119,92,357
119,1 19 26,5,3.27119,92,357
119,1 25 55,5,3.27119,162,357
119,1 37 57,5,3.27119,190,357
119,1 45 53,5,3.27119,198,357
