Vertices,Gen set,Diameter,Average distance,Bisection width,Connections
154,1 8 58,5,3.56209,134,462
154,1 14 36,5,3.56209,102,462
154,1 20 70,5,3.56209,182,462
154,1 56 64,5,3.56209,242,462
