Vertices,Gen set,Diameter,Average distance,Bisection width,Connections
191,1 22 28,5,3.88421,102,573
191,1 26 36,5,3.88421,126,573
191,1 69 75,5,3.88421,290,573
