Vertices,Gen set,Diameter,Average distance,Bisection width,Connections
160,1 14 34,5,3.61635,98,480
160,1 17 28,5,3.61635,92,480
160,1 22 30,5,3.61635,106,480
160,1 36 47,5,3.61635,168,480
