Vertices,Gen set,Diameter,Average distance,Bisection width,Connections
114,1 7 44,5,3.22124,104,342
114,1 7 48,5,3.22124,112,342
114,1 10 49,5,3.22124,120,342
114,1 25 34,5,3.22124,120,342
114,1 26 41,5,3.22124,136,342
114,1 42 49,5,3.22124,184,342
