Vertices,Gen set,Diameter,Average distance,BW,Connections
1016,1 62 100,10,6.82069,326,3048
1016,1 246 362,10,6.82069,1218,3048
