Vertices,Gen set,Diameter,Average distance,Bisection width,Connections
125,1 6 49,5,3.32258,112,375
125,1 19 26,5,3.32258,92,375
125,1 21 29,5,3.32258,102,375
125,1 24 44,5,3.32258,138,375
125,1 46 54,5,3.32258,202,375
125,1 51 56,5,3.32258,216,375
