Vertices,Gen set,Diameter,Average distance,Bisection width,Connections
104,1 8 46,5,3.12621,110,312
104,1 9 22,5,3.12621,64,312
104,1 10 44,5,3.12621,110,312
104,1 13 18,5,3.12621,64,312
104,1 13 42,5,3.12621,112,312
104,1 14 23,5,3.12621,76,312
104,1 14 36,5,3.12621,102,312
104,1 17 28,5,3.12621,92,312
104,1 18 46,5,3.12621,130,312
104,1 20 49,5,3.12621,140,312
104,1 22 48,5,3.12621,142,312
104,1 30 48,5,3.12621,158,312
