Vertices,Gen set,Diameter,Average distance,BW,Connections
1021,1 75 96,10,6.83137,344,3063
1021,1 117 414,10,6.83137,1064,3063
1021,1 328 422,10,6.83137,1502,3063
