Vertices,Gen set,Diameter,Average distance,Bisection width,Connections
110,1 9 48,5,3.17431,116,330
110,1 40 48,5,3.17431,178,330
110,1 42 49,5,3.17431,184,330
