Vertices,Gen set,Diameter,Average distance,Bisection width,Connections
159,1 10 67,5,3.60759,156,477
159,1 16 41,5,3.60759,116,477
159,1 19 31,5,3.60759,102,477
