Vertices,Gen set,Diameter,Average distance,Bisection width,Connections
173,1 12 71,5,3.74419,168,519
173,1 39 51,5,3.74419,182,519
173,1 72 78,5,3.74419,302,519
