Vertices,Gen set,Diameter,Average distance,Bisection width,Connections
107,1 11 38,5,3.15094,100,321
107,1 16 39,5,3.15094,112,321
107,1 17 48,5,3.15094,132,321
107,1 20 31,5,3.15094,104,321
107,1 28 44,5,3.15094,146,321
107,1 29 42,5,3.15094,144,321
