Vertices,Gen set,Diameter,Average distance,Bisection width,Connections
169,1 10 72,5,3.69048,166,507
169,1 17 41,5,3.69048,118,507
169,1 19 32,5,3.69048,104,507
169,1 20 33,5,3.69048,108,507
169,1 22 77,5,3.69048,200,507
169,1 23 81,5,3.69048,210,507
169,1 25 41,5,3.69048,134,507
169,1 25 80,5,3.69048,212,507
169,1 27 37,5,3.69048,130,507
169,1 27 76,5,3.69048,208,507
169,1 33 54,5,3.69048,176,507
169,1 48 79,5,3.69048,256,507
