Vertices,Gen set,Diameter,Average distance,Bisection width,Connections
12,1 2 3,2,1.45455,12,36
12,1 2 4,2,1.45455,14,36
12,1 2 5,2,1.45455,16,36
12,1 3 4,2,1.45455,16,36
12,1 3 5,2,1.45455,18,36
12,1 4 5,2,1.45455,20,36
