Vertices,Gen set,Diameter,Average distance,Bisection width,Connections
157,1 7 44,5,3.60256,104,471
157,1 18 25,5,3.60256,88,471
157,1 45 61,5,3.60256,214,471
