Vertices,Gen set,Diameter,Average distance,Bisection width,Connections
158,1 9 48,5,3.59873,116,474
158,1 29 38,5,3.59873,136,474
158,1 34 49,5,3.59873,168,474
158,1 34 74,5,3.59873,218,474
158,1 35 58,5,3.59873,188,474
