Vertices,Gen set,Diameter,Average distance,Bisection width,Connections
179,1 7 68,5,3.77528,152,537
179,1 8 50,5,3.77528,118,537
179,1 51 67,5,3.77528,238,537
