Vertices,Gen set,Diameter,Average distance,Bisection width,Connections
127,1 9 52,5,3.33333,124,381
127,1 14 34,5,3.33333,98,381
127,1 22 56,5,3.33333,158,381
