Vertices,Gen set,Diameter,Average distance,BW,Connections
1019,1 162 228,10,6.83104,782,3057
1019,1 187 219,10,6.83104,814,3057
1019,1 195 376,10,6.83104,1144,3057
