Vertices,Gen set,Diameter,Average distance,Bisection width,Connections
164,1 10 69,5,3.65031,160,492
164,1 12 31,5,3.65031,88,492
164,1 18 44,5,3.65031,126,492
164,1 19 26,5,3.65031,92,492
164,1 32 46,5,3.65031,158,492
164,1 37 48,5,3.65031,172,492
164,1 46 62,5,3.65031,218,492
