Vertices,Gen set,Diameter,Average distance,Bisection width,Connections
109,1 7 33,5,3.16667,82,327
109,1 13 33,5,3.16667,94,327
109,1 14 23,5,3.16667,76,327
109,1 19 48,5,3.16667,136,327
109,1 25 39,5,3.16667,130,327
109,1 31 42,5,3.16667,148,327
