Vertices,Gen set,Diameter,Average distance,Bisection width,Connections
131,1 9 39,5,3.36923,98,393
131,1 29 48,5,3.36923,156,393
131,1 30 47,5,3.36923,156,393
