Vertices,Gen set,Diameter,Average distance,BW,Connections
1007,1 86 357,10,6.79523,888,3021
1007,1 299 468,10,6.79523,1536,3021
1007,1 312 363,10,6.79523,1352,3021
