Vertices,Gen set,Diameter,Average distance,Bisection width,Connections
196,1 10 85,6,3.89231,192,588
196,1 18 29,6,3.89231,96,588
196,1 19 92,6,3.89231,224,588
196,1 21 34,6,3.89231,112,588
196,1 27 94,6,3.89231,244,588
196,1 31 88,6,3.89231,240,588
196,1 46 83,6,3.89231,260,588
196,1 55 74,6,3.89231,260,588
196,1 57 94,6,3.89231,304,588
196,1 63 90,6,3.89231,308,588
