Vertices,Gen set,Diameter,Average distance,Bisection width,Connections
134,1 9 32,5,3.40602,84,402
134,1 15 56,5,3.40602,144,402
134,1 39 62,5,3.40602,204,402
134,1 55 60,5,3.40602,232,402
