Vertices,Gen set,Diameter,Average distance,Bisection width,Connections
195,1 12 82,6,3.87629,190,585
195,1 21 34,6,3.87629,112,585
195,1 51 86,6,3.87629,276,585
195,1 81 88,6,3.87629,340,585
