Vertices,Gen set,Diameter,Average distance,Bisection width,Connections
118,1 14 23,5,3.26496,76,354
118,1 14 36,5,3.26496,102,354
118,1 16 22,5,3.26496,78,354
118,1 16 41,5,3.26496,116,354
118,1 36 56,5,3.26496,186,354
