Vertices,Gen set,Diameter,Average distance,Bisection width,Connections
1012,1 20 307,10,6.80811,656,3036
1012,1 68 87,10,6.80811,312,3036
1012,1 89 244,10,6.80811,668,3036
1012,1 152 221,10,6.80811,748,3036
