Vertices,Gen set,Diameter,Average distance,Bisection width,Connections
123,1 12 52,5,3.27869,130,369
123,1 14 23,5,3.27869,76,369
123,1 16 22,5,3.27869,78,369
123,1 26 57,5,3.27869,168,369
123,1 28 44,5,3.27869,146,369
