Vertices,Gen set,Diameter,Average distance,Bisection width,Connections
19,1 2 7,2,1.66667,20,57
19,1 3 7,2,1.66667,22,57
19,1 3 8,2,1.66667,24,57
19,1 4 6,2,1.66667,22,57
19,1 5 8,2,1.66667,28,57
19,1 6 9,2,1.66667,32,57
19,1 7 8,2,1.66667,32,57
