Vertices,Gen set,Diameter,Average distance,Bisection width,Connections
111,1 5 31,4,3.18182,74,333
111,1 7 43,4,3.18182,102,333
111,1 16 22,4,3.18182,78,333
