Vertices,Gen set,Diameter,Average distance,Bisection width,Connections
147,1 9 62,5,3.49315,144,441
147,1 12 64,5,3.49315,154,441
147,1 19 31,5,3.49315,102,441
147,1 19 67,5,3.49315,174,441
147,1 31 68,5,3.49315,200,441
