Vertices,Gen set,Diameter,Average distance,Bisection width,Connections
171,1 12 70,5,3.70588,166,513
171,1 12 76,5,3.70588,178,513
171,1 13 45,5,3.70588,118,513
171,1 22 78,5,3.70588,202,513
171,1 36 79,5,3.70588,232,513
171,1 50 65,5,3.70588,232,513
