Vertices,Gen set,Diameter,Average distance,Bisection width,Connections
188,1 12 57,6,3.83422,140,564
188,1 20 33,6,3.83422,108,564
188,1 36 66,6,3.83422,206,564
188,1 54 73,6,3.83422,256,564
188,1 78 85,6,3.83422,328,564
