Vertices,Gen set,Diameter,Average distance,Bisection width,Connections
197,1 7 43,5,3.90816,102,591
197,1 9 55,5,3.90816,130,591
197,1 22 28,5,3.90816,102,591
