Vertices,Gen set,Diameter,Average distance,Bisection width,Connections
151,1 10 63,5,3.53333,148,453
151,1 12 31,5,3.53333,88,453
151,1 15 39,5,3.53333,110,453
151,1 18 46,5,3.53333,130,453
151,1 23 39,5,3.53333,126,453
151,1 31 42,5,3.53333,148,453
