Vertices,Gen set,Diameter,Average distance,Bisection width,Connections
150,1 16 26,5,3.52349,86,450
150,1 26 34,5,3.52349,122,450
150,1 26 66,5,3.52349,186,450
150,1 46 67,5,3.52349,228,450
150,1 47 62,5,3.52349,220,450
150,1 56 64,5,3.52349,242,450
