Vertices,Gen set,Diameter,Average distance,Bisection width,Connections
165,1 9 71,5,3.65854,162,495
165,1 16 26,5,3.65854,86,495
165,1 19 26,5,3.65854,92,495
165,1 19 31,5,3.65854,102,495
165,1 51 79,5,3.65854,262,495
