Vertices,Gen set,Diameter,Average distance,Bisection width,Connections
156,1 10 47,5,3.58065,116,468
156,1 11 64,5,3.58065,152,468
156,1 12 41,5,3.58065,108,468
156,1 19 32,5,3.58065,104,468
156,1 19 72,5,3.58065,184,468
156,1 20 33,5,3.58065,108,468
156,1 20 71,5,3.58065,184,468
156,1 25 34,5,3.58065,120,468
156,1 25 70,5,3.58065,192,468
156,1 32 50,5,3.58065,166,468
156,1 41 64,5,3.58065,212,468
156,1 50 73,5,3.58065,248,468
