Vertices,Gen set,Diameter,Average distance,BW,Connections
1018,1 129 472,10,6.82399,1204,3054
1018,1 312 363,10,6.82399,1352,3054
