Vertices,Gen set,Diameter,Average distance,Bisection width,Connections
18,1 2 7,2,1.64706,20,54
18,1 3 8,2,1.64706,24,54
18,1 4 8,2,1.64706,26,54
18,1 5 8,2,1.64706,28,54
