Vertices,Gen set,Diameter,Average distance,Bisection width,Connections
149,1 12 52,5,3.51351,130,447
149,1 16 26,5,3.51351,86,447
149,1 17 28,5,3.51351,92,447
149,1 35 63,5,3.51351,198,447
149,1 43 69,5,3.51351,226,447
149,1 54 62,5,3.51351,234,447
