Vertices,Gen set,Diameter,Average distance,Bisection width,Connections
145,1 9 61,5,3.47222,142,435
145,1 16 39,5,3.47222,112,435
145,1 19 26,5,3.47222,92,435
