Vertices,Gen set,Diameter,Average distance,Bisection width,Connections
1013,1 36 459,10,6.81028,992,3039
1013,1 64 278,10,6.81028,686,3039
1013,1 197 266,10,6.81028,928,3039
