Vertices,Gen set,Diameter,Average distance,Bisection width,Connections
168,1 12 69,5,3.68263,164,504
168,1 18 29,5,3.68263,96,504
168,1 22 30,5,3.68263,106,504
168,1 29 38,5,3.68263,136,504
168,1 29 74,5,3.68263,208,504
168,1 44 69,5,3.68263,228,504
168,1 44 74,5,3.68263,238,504
