Vertices,Gen set,Diameter,Average distance,Bisection width,Connections
113,1 6 43,5,3.21429,100,339
113,1 7 44,5,3.21429,104,339
113,1 9 33,5,3.21429,86,339
113,1 10 24,5,3.21429,70,339
113,1 11 48,5,3.21429,120,339
113,1 12 40,5,3.21429,106,339
113,1 13 18,5,3.21429,64,339
113,1 13 21,5,3.21429,70,339
113,1 16 26,5,3.21429,86,339
113,1 19 26,5,3.21429,92,339
113,1 25 34,5,3.21429,120,339
113,1 41 47,5,3.21429,178,339
