Vertices,Gen set,Diameter,Average distance,Bisection width,Connections
139,1 16 22,5,3.43478,78,417
139,1 16 26,5,3.43478,86,417
139,1 19 26,5,3.43478,92,417
