Vertices,Gen set,Diameter,Average distance,Bisection width,Connections
166,1 7 64,5,3.67879,144,498
166,1 10 70,5,3.67879,162,498
166,1 16 26,5,3.67879,86,498
166,1 62 71,5,3.67879,268,498
