Vertices,Gen set,Diameter,Average distance,Bisection width,Connections
102,1 10 43,4,3.08911,108,306
102,1 12 31,4,3.08911,88,306
102,1 14 19,4,3.08911,68,306
102,1 19 48,4,3.08911,136,306
102,1 23 30,4,3.08911,108,306
102,1 24 43,4,3.08911,136,306
