Vertices,Gen set,Diameter,Average distance,Bisection width,Connections
132,1 12 31,5,3.36641,88,396
132,1 14 23,5,3.36641,76,396
132,1 17 60,5,3.36641,156,396
132,1 23 58,5,3.36641,164,396
