Vertices,Gen set,Diameter,Average distance,Bisection width,Connections
185,1 7 51,5,3.81522,118,555
185,1 18 29,5,3.81522,96,555
185,1 53 72,5,3.81522,252,555
