Vertices,Gen set,Diameter,Average distance,Bisection width,Connections
144,1 10 59,5,3.48951,140,432
144,1 14 61,5,3.48951,152,432
144,1 16 22,5,3.48951,78,432
144,1 34 61,5,3.48951,192,432
144,1 38 59,5,3.48951,196,432
