Vertices,Gen set,Diameter,Average distance,Bisection width,Connections
129,1 6 36,5,3.35938,86,387
129,1 7 37,5,3.35938,90,387
129,1 7 49,5,3.35938,114,387
129,1 9 53,5,3.35938,126,387
129,1 12 56,5,3.35938,138,387
129,1 37 50,5,3.35938,176,387
