Vertices,Gen set,Diameter,Average distance,BW,Connections
1010,1 46 473,10,6.80377,1040,3030
1010,1 363 472,10,6.80377,1672,3030
