Vertices,Gen set,Diameter,Average distance,Bisection width,Connections
155,1 9 66,5,3.57143,152,465
155,1 21 54,5,3.57143,152,465
155,1 59 69,5,3.57143,258,465
