Vertices,Gen set,Diameter,Average distance,Bisection width,Connections
143,1 17 28,5,3.47887,92,429
143,1 32 42,5,3.47887,150,429
143,1 46 67,5,3.47887,228,429
