Vertices,Gen set,Diameter,Average distance,Bisection width,Connections
193,1 25 41,6,3.86458,134,579
193,1 25 88,6,3.86458,228,579
193,1 37 68,6,3.86458,212,579
193,1 54 73,6,3.86458,256,579
193,1 54 91,6,3.86458,292,579
193,1 70 80,6,3.86458,302,579
