Vertices,Gen set,Diameter,Average distance,Bisection width,Connections
289,1 10 81,6,4.47917,184,867
289,1 29 37,6,4.47917,134,867
289,1 125 132,6,4.47917,516,867
