Vertices,Gen set,Diameter,Average distance,Bisection width,Connections
209,1 13 88,6,3.97115,204,627
209,1 16 55,6,3.97115,144,627
209,1 19 31,6,3.97115,102,627
209,1 20 33,6,3.97115,108,627
209,1 27 95,6,3.97115,246,627
209,1 33 94,6,3.97115,256,627
