Vertices,Gen set,Diameter,Average distance,Bisection width,Connections
232,1 9 88,6,4.11688,196,696
232,1 16 103,6,4.11688,240,696
232,1 45 74,6,4.11688,240,696
232,1 67 86,6,4.11688,308,696
