Vertices,Gen set,Diameter,Average distance,Bisection width,Connections
287,1 12 106,6,4.44056,238,861
287,1 24 39,6,4.44056,128,861
287,1 103 111,6,4.44056,430,861
