Vertices,Gen set,Diameter,Average distance,Bisection width,Connections
207,1 12 88,6,3.96117,202,621
207,1 22 36,6,3.96117,118,621
207,1 36 47,6,3.96117,168,621
207,1 40 66,6,3.96117,214,621
