Vertices,Gen set,Diameter,Average distance,Bisection width,Connections
200,1 11 86,6,3.91457,196,600
200,1 26 91,6,3.91457,236,600
200,1 38 52,6,3.91457,182,600
