Vertices,Gen set,Diameter,Average distance,Bisection width,Connections
259,1 8 72,6,4.27907,162,777
259,1 9 97,6,4.27907,214,777
259,1 12 76,6,4.27907,178,777
259,1 16 109,6,4.27907,252,777
259,1 18 115,6,4.27907,268,777
259,1 19 45,6,4.27907,130,777
259,1 23 81,6,4.27907,210,777
259,1 68 92,6,4.27907,322,777
259,1 80 108,6,4.27907,378,777
