Vertices,Gen set,Diameter,Average distance,Bisection width,Connections
221,1 12 68,6,4.05455,162,663
221,1 12 95,6,4.05455,216,663
221,1 42 107,6,4.05455,300,663
221,1 68 92,6,4.05455,322,663
221,1 92 100,6,4.05455,386,663
