Vertices,Gen set,Diameter,Average distance,Bisection width,Connections
252,1 26 117,6,4.24303,288,756
252,1 27 44,6,4.24303,144,756
252,1 81 118,6,4.24303,400,756
