Vertices,Gen set,Diameter,Average distance,Bisection width,Connections
203,1 7 57,5,3.93069,130,609
203,1 22 28,5,3.93069,102,609
203,1 83 91,5,3.93069,350,609
