Vertices,Gen set,Diameter,Average distance,Bisection width,Connections
245,1 15 51,6,4.18852,134,735
245,1 24 115,6,4.18852,280,735
245,1 29 67,6,4.18852,194,735
245,1 37 117,6,4.18852,310,735
245,1 53 76,6,4.18852,260,735
