Vertices,Gen set,Diameter,Average distance,Bisection width,Connections
239,1 10 88,6,4.15966,198,717
239,1 19 49,6,4.15966,138,717
239,1 24 39,6,4.15966,128,717
239,1 26 33,6,4.15966,120,717
239,1 29 37,6,4.15966,134,717
239,1 29 49,6,4.15966,158,717
239,1 33 56,6,4.15966,180,717
239,1 39 64,6,4.15966,208,717
239,1 46 84,6,4.15966,262,717
