Vertices,Gen set,Diameter,Average distance,Bisection width,Connections
205,1 9 79,6,3.95098,178,615
205,1 11 63,6,3.95098,150,615
205,1 13 62,6,3.95098,152,615
205,1 14 91,6,3.95098,212,615
205,1 15 39,6,3.95098,110,615
205,1 21 95,6,3.95098,234,615
205,1 43 56,6,3.95098,200,615
205,1 44 96,6,3.95098,282,615
