Vertices,Gen set,Diameter,Average distance,Bisection width,Connections
240,1 26 33,6,4.16736,120,720
240,1 70 92,6,4.16736,326,720
240,1 74 100,6,4.16736,350,720
