Vertices,Gen set,Diameter,Average distance,Bisection width,Connections
247,1 14 75,6,4.19512,180,741
247,1 19 65,6,4.19512,170,741
247,1 23 53,6,4.19512,154,741
247,1 43 56,6,4.19512,200,741
