Vertices,Gen set,Diameter,Average distance,Bisection width,Connections
263,1 11 97,6,4.28244,218,789
263,1 24 39,6,4.28244,128,789
263,1 27 122,6,4.28244,300,789
