Vertices,Gen set,Diameter,Average distance,Bisection width,Connections
293,1 9 65,6,4.49315,150,879
293,1 9 81,6,4.49315,182,879
293,1 65 123,6,4.49315,378,879
