Vertices,Gen set,Diameter,Average distance,Bisection width,Connections
265,1 14 115,6,4.33333,260,795
265,1 18 120,6,4.33333,278,795
265,1 19 65,6,4.33333,170,795
265,1 95 103,6,4.33333,398,795
