Vertices,Gen set,Diameter,Average distance,Bisection width,Connections
267,1 12 99,6,4.30827,224,801
267,1 52 75,6,4.30827,256,801
267,1 77 99,6,4.30827,354,801
