Vertices,Gen set,Diameter,Average distance,Bisection width,Connections
295,1 7 64,6,4.51701,144,885
295,1 33 42,6,4.51701,152,885
295,1 106 143,6,4.51701,500,885
