Vertices,Gen set,Diameter,Average distance,Bisection width,Connections
269,1 8 102,6,4.35075,222,807
269,1 9 103,6,4.35075,226,807
269,1 29 37,6,4.35075,134,807
269,1 30 131,6,4.35075,324,807
269,1 47 115,6,4.35075,326,807
269,1 80 101,6,4.35075,364,807
