Vertices,Gen set,Diameter,Average distance,Bisection width,Connections
271,1 33 42,6,4.35556,152,813
271,1 48 115,6,4.35556,328,813
271,1 71 96,6,4.35556,336,813
