Vertices,Gen set,Diameter,Average distance,Bisection width,Connections
223,1 13 95,6,4.07207,218,669
223,1 24 39,6,4.07207,128,669
223,1 27 103,6,4.07207,262,669
223,1 33 54,6,4.07207,176,669
223,1 40 68,6,4.07207,218,669
223,1 65 82,6,4.07207,296,669
