Vertices,Gen set,Diameter,Average distance,Bisection width,Connections
231,1 8 65,6,4.11304,148,693
231,1 15 80,6,4.11304,192,693
231,1 25 32,6,4.11304,116,693
231,1 26 72,6,4.11304,198,693
231,1 29 37,6,4.11304,134,693
231,1 41 98,6,4.11304,280,693
231,1 44 60,6,4.11304,210,693
231,1 62 70,6,4.11304,266,693
231,1 84 96,6,4.11304,362,693
