Vertices,Gen set,Diameter,Average distance,Bisection width,Connections
224,1 23 104,6,4.04933,256,672
224,1 24 39,6,4.04933,128,672
224,1 29 102,6,4.04933,264,672
224,1 66 85,6,4.04933,304,672
