Vertices,Gen set,Diameter,Average distance,Bisection width,Connections
277,1 9 106,6,4.37681,232,831
277,1 19 123,6,4.37681,286,831
277,1 81 102,6,4.37681,368,831
