Vertices,Gen set,Diameter,Average distance,Bisection width,Connections
229,1 8 50,6,4.10526,118,687
229,1 9 87,6,4.10526,194,687
229,1 10 68,6,4.10526,158,687
229,1 10 97,6,4.10526,216,687
229,1 23 39,6,4.10526,126,687
229,1 23 59,6,4.10526,166,687
229,1 47 64,6,4.10526,224,687
229,1 51 86,6,4.10526,276,687
229,1 66 85,6,4.10526,304,687
