Vertices,Gen set,Diameter,Average distance,Bisection width,Connections
250,1 48 88,6,4.21687,274,750
250,1 73 92,6,4.21687,332,750
250,1 104 113,6,4.21687,436,750
