Vertices,Gen set,Diameter,Average distance,Bisection width,Connections
225,1 24 39,6,4.08036,128,675
225,1 39 51,6,4.08036,182,675
225,1 84 96,6,4.08036,362,675
