Vertices,Gen set,Diameter,Average distance,Bisection width,Connections
213,1 22 99,6,4.00943,244,639
213,1 26 33,6,4.00943,120,639
213,1 29 102,6,4.00943,264,639
213,1 41 75,6,4.00943,234,639
213,1 46 66,6,4.00943,226,639
213,1 46 100,6,4.00943,294,639
213,1 49 89,6,4.00943,278,639
213,1 57 88,6,4.00943,292,639
213,1 67 88,6,4.00943,312,639
