Vertices,Gen set,Diameter,Average distance,Bisection width,Connections
233,1 11 97,6,4.11207,218,699
233,1 12 101,6,4.11207,228,699
233,1 30 106,6,4.11207,274,699
