Vertices,Gen set,Diameter,Average distance,Bisection width,Connections
283,1 29 67,6,4.41844,194,849
283,1 30 38,6,4.41844,138,849
283,1 39 66,6,4.41844,212,849
