Vertices,Gen set,Diameter,Average distance,Bisection width,Connections
235,1 19 82,6,4.12821,204,705
235,1 25 41,6,4.12821,134,705
235,1 35 86,6,4.12821,244,705
235,1 43 112,6,4.12821,312,705
235,1 62 70,6,4.12821,266,705
235,1 72 105,6,4.12821,356,705
235,1 99 107,6,4.12821,414,705
