Vertices,Gen set,Diameter,Average distance,Bisection width,Connections
299,1 9 83,6,4.51678,186,897
299,1 18 137,6,4.51678,312,897
299,1 24 133,6,4.51678,316,897
