Vertices,Gen set,Diameter,Average distance,Bisection width,Connections
281,1 12 119,6,4.41429,264,843
281,1 25 88,6,4.41429,228,843
281,1 26 45,6,4.41429,144,843
281,1 54 99,6,4.41429,308,843
281,1 85 104,6,4.41429,380,843
281,1 117 127,6,4.41429,490,843
