Vertices,Gen set,Diameter,Average distance,Bisection width,Connections
23,1 2 9,3,1.81818,24,69
23,1 3 8,3,1.81818,24,69
23,1 3 9,3,1.81818,26,69
23,1 4 6,3,1.81818,22,69
23,1 4 7,3,1.81818,24,69
23,1 4 10,3,1.81818,30,69
23,1 5 7,3,1.81818,26,69
23,1 5 8,3,1.81818,28,69
23,1 5 10,3,1.81818,32,69
23,1 6 9,3,1.81818,32,69
23,1 6 10,3,1.81818,34,69
23,1 7 11,3,1.81818,38,69
