Vertices,Gen set,Diameter,Average distance,Bisection width,Connections
297,1 8 65,6,4.50676,148,891
297,1 29 37,6,4.50676,134,891
297,1 32 41,6,4.50676,148,891
297,1 36 46,6,4.50676,166,891
297,1 71 117,6,4.50676,378,891
