Vertices,Gen set,Diameter,Average distance,Bisection width,Connections
257,1 36 125,6,4.26562,324,771
257,1 37 47,6,4.26562,170,771
257,1 50 82,6,4.26562,266,771
