Vertices,Gen set,Diameter,Average distance,Bisection width,Connections
296,1 8 65,6,4.50169,148,888
296,1 9 82,6,4.50169,184,888
296,1 32 41,6,4.50169,148,888
296,1 33 42,6,4.50169,152,888
