Vertices,Gen set,Diameter,Average distance,Bisection width,Connections
215,1 15 64,6,4.01869,160,645
215,1 21 101,6,4.01869,246,645
215,1 30 84,6,4.01869,230,645
215,1 41 56,6,4.01869,196,645
215,1 66 96,6,4.01869,326,645
