Vertices,Gen set,Diameter,Average distance,Bisection width,Connections
294,1 26 92,7,4.47099,238,882
294,1 32 122,7,4.47099,310,882
294,1 54 140,7,4.47099,390,882
