Vertices,Gen set,Diameter,Average distance,Bisection width,Connections
315,1 19 142,7,4.57325,324,945
315,1 92 116,7,4.57325,418,945
315,1 113 122,7,4.57325,472,945
