Vertices,Gen set,Diameter,Average distance,Bisection width,Connections
344,1 32 74,7,4.72303,214,1032
344,1 54 141,7,4.72303,392,1032
344,1 61 146,7,4.72303,416,1032
