Vertices,Gen set,Diameter,Average distance,Bisection width,Connections
34,1 4 14,3,2.09091,38,102
34,1 5 8,3,2.09091,28,102
34,1 6 9,3,2.09091,32,102
34,1 6 10,3,2.09091,34,102
34,1 6 15,3,2.09091,44,102
34,1 7 12,3,2.09091,40,102
34,1 8 12,3,2.09091,42,102
34,1 9 14,3,2.09091,48,102
34,1 12 15,3,2.09091,56,102
