Vertices,Gen set,Diameter,Average distance,Bisection width,Connections
381,1 14 139,7,4.87895,308,1143
381,1 74 107,7,4.87895,364,1143
381,1 136 146,7,4.87895,566,1143
