Vertices,Gen set,Diameter,Average distance,Bisection width,Connections
397,1 24 179,7,4.94949,408,1191
397,1 24 182,7,4.94949,414,1191
397,1 173 182,7,4.94949,712,1191
