Vertices,Gen set,Diameter,Average distance,Bisection width,Connections
325,1 13 119,7,4.62963,266,975
325,1 30 126,7,4.62963,314,975
325,1 49 155,7,4.62963,410,975
325,1 52 71,7,4.62963,248,975
