Vertices,Gen set,Diameter,Average distance,Bisection width,Connections
307,1 9 55,6,4.61438,130,921
307,1 11 67,6,4.61438,158,921
307,1 28 34,6,4.61438,126,921
