Vertices,Gen set,Diameter,Average distance,Bisection width,Connections
355,1 14 130,7,4.76836,290,1065
355,1 29 78,7,4.76836,216,1065
355,1 49 83,7,4.76836,266,1065
355,1 60 76,7,4.76836,274,1065
355,1 77 132,7,4.76836,420,1065
