Vertices,Gen set,Diameter,Average distance,Bisection width,Connections
333,1 9 73,6,4.66867,166,999
333,1 36 46,6,4.66867,166,999
333,1 144 152,6,4.66867,594,999
