Vertices,Gen set,Diameter,Average distance,Bisection width,Connections
356,1 56 146,7,4.77746,406,1068
356,1 67 124,7,4.77746,384,1068
356,1 85 140,7,4.77746,452,1068
