Vertices,Gen set,Diameter,Average distance,Bisection width,Connections
312,1 50 68,7,4.56592,238,936
312,1 56 69,7,4.56592,252,936
312,1 58 91,7,4.56592,300,936
