Vertices,Gen set,Diameter,Average distance,Bisection width,Connections
389,1 31 50,7,4.91753,164,1167
389,1 33 57,7,4.91753,182,1167
389,1 62 116,7,4.91753,358,1167
389,1 69 165,7,4.91753,470,1167
389,1 70 164,7,4.91753,470,1167
389,1 102 138,7,4.91753,482,1167
