Vertices,Gen set,Diameter,Average distance,Bisection width,Connections
341,1 12 149,7,4.70588,324,1023
341,1 16 142,7,4.70588,318,1023
341,1 16 150,7,4.70588,334,1023
341,1 25 59,7,4.70588,170,1023
341,1 29 50,7,4.70588,160,1023
341,1 37 47,7,4.70588,170,1023
341,1 52 64,7,4.70588,234,1023
341,1 64 119,7,4.70588,368,1023
341,1 75 129,7,4.70588,410,1023
