Vertices,Gen set,Diameter,Average distance,Bisection width,Connections
359,1 66 86,7,4.78771,306,1077
359,1 96 126,7,4.78771,446,1077
359,1 136 151,7,4.78771,576,1077
