Vertices,Gen set,Diameter,Average distance,Bisection width,Connections
385,1 16 142,7,4.88542,318,1155
385,1 24 57,7,4.88542,164,1155
385,1 27 122,7,4.88542,300,1155
385,1 53 90,7,4.88542,288,1155
385,1 100 138,7,4.88542,478,1155
