Vertices,Gen set,Diameter,Average distance,Bisection width,Connections
348,1 22 156,7,4.74352,358,1044
348,1 22 159,7,4.74352,364,1044
348,1 138 159,7,4.74352,596,1044
