Vertices,Gen set,Diameter,Average distance,Bisection width,Connections
339,1 14 125,7,4.69822,280,1017
339,1 121 130,7,4.69822,504,1017
339,1 133 160,7,4.69822,588,1017
