Vertices,Gen set,Diameter,Average distance,Bisection width,Connections
371,1 20 169,7,4.84865,380,1113
371,1 23 55,7,4.84865,158,1113
371,1 27 121,7,4.84865,298,1113
371,1 27 167,7,4.84865,390,1113
371,1 43 179,7,4.84865,446,1113
371,1 46 129,7,4.84865,352,1113
371,1 55 90,7,4.84865,292,1113
371,1 69 108,7,4.84865,356,1113
371,1 79 114,7,4.84865,388,1113
