Vertices,Gen set,Diameter,Average distance,Bisection width,Connections
317,1 7 57,6,4.63291,130,951
317,1 11 89,6,4.63291,202,951
317,1 136 144,6,4.63291,562,951
