Vertices,Gen set,Diameter,Average distance,Bisection width,Connections
327,1 12 99,7,4.64417,224,981
327,1 90 100,7,4.64417,382,981
327,1 99 121,7,4.64417,442,981
