Vertices,Gen set,Diameter,Average distance,Bisection width,Connections
311,1 19 65,7,4.56129,170,933
311,1 29 67,7,4.56129,194,933
311,1 57 148,7,4.56129,412,933
311,1 60 139,7,4.56129,400,933
311,1 118 131,7,4.56129,500,933
311,1 132 145,7,4.56129,556,933
