Vertices,Gen set,Diameter,Average distance,Bisection width,Connections
326,1 12 119,7,4.62769,264,978
326,1 63 104,7,4.62769,336,978
326,1 128 154,7,4.62769,566,978
