Vertices,Gen set,Diameter,Average distance,Bisection width,Connections
305,1 21 138,6,4.53289,320,915
305,1 29 37,6,4.53289,134,915
305,1 33 42,6,4.53289,152,915
