Vertices,Gen set,Diameter,Average distance,Bisection width,Connections
309,1 13 114,7,4.55195,256,927
309,1 15 95,7,4.55195,222,927
309,1 16 134,7,4.55195,302,927
309,1 30 145,7,4.55195,352,927
309,1 46 113,7,4.55195,320,927
309,1 47 58,7,4.55195,212,927
309,1 117 130,7,4.55195,496,927
