Vertices,Gen set,Diameter,Average distance,Bisection width,Connections
337,1 11 129,7,4.69048,282,1011
337,1 60 128,7,4.69048,378,1011
337,1 73 92,7,4.69048,332,1011
