Vertices,Gen set,Diameter,Average distance,Bisection width,Connections
319,1 9 123,7,4.60377,266,957
319,1 12 138,7,4.60377,302,957
319,1 16 55,7,4.60377,144,957
319,1 20 143,7,4.60377,328,957
319,1 26 70,7,4.60377,194,957
319,1 41 109,7,4.60377,302,957
319,1 71 120,7,4.60377,384,957
319,1 83 109,7,4.60377,386,957
319,1 94 121,7,4.60377,432,957
319,1 97 141,7,4.60377,478,957
319,1 112 154,7,4.60377,534,957
319,1 120 135,7,4.60377,512,957
319,1 133 148,7,4.60377,564,957
