Vertices,Gen set,Diameter,Average distance,Bisection width,Connections
351,1 13 128,7,4.74857,284,1053
351,1 52 85,7,4.74857,276,1053
351,1 80 99,7,4.74857,360,1053
351,1 126 136,7,4.74857,526,1053
