Vertices,Gen set,Diameter,Average distance,Bisection width,Connections
335,1 31 72,7,4.68263,208,1005
335,1 33 107,7,4.68263,282,1005
335,1 46 117,7,4.68263,328,1005
335,1 51 63,7,4.68263,230,1005
335,1 54 132,7,4.68263,374,1005
335,1 63 117,7,4.68263,362,1005
335,1 77 140,7,4.68263,436,1005
335,1 87 120,7,4.68263,416,1005
