Vertices,Gen set,Diameter,Average distance,Bisection width,Connections
303,1 12 111,7,4.52318,248,909
303,1 14 89,7,4.52318,208,909
303,1 21 90,7,4.52318,224,909
303,1 21 112,7,4.52318,268,909
303,1 28 65,7,4.52318,188,909
303,1 39 125,7,4.52318,330,909
303,1 46 57,7,4.52318,208,909
303,1 80 90,7,4.52318,342,909
303,1 80 117,7,4.52318,396,909
303,1 81 125,7,4.52318,414,909
303,1 93 147,7,4.52318,482,909
303,1 119 143,7,4.52318,526,909
