Vertices,Gen set,Diameter,Average distance,Bisection width,Connections
343,1 36 46,7,4.71345,166,1029
343,1 77 145,7,4.71345,446,1029
343,1 82 135,7,4.71345,436,1029
343,1 94 162,7,4.71345,514,1029
343,1 123 133,7,4.71345,514,1029
