Vertices,Gen set,Diameter,Average distance,Bisection width,Connections
373,1 60 147,7,4.83333,416,1119
373,1 129 170,7,4.83333,600,1119
373,1 133 143,7,4.83333,554,1119
