Vertices,Gen set,Diameter,Average distance,Bisection width,Connections
383,1 10 146,7,4.89529,314,1149
383,1 62 115,7,4.89529,356,1149
383,1 105 181,7,4.89529,574,1149
