Vertices,Gen set,Diameter,Average distance,Bisection width,Connections
398,1 14 174,7,4.95718,378,1194
398,1 15 172,7,4.95718,376,1194
398,1 38 53,7,4.95718,184,1194
