Vertices,Gen set,Diameter,Average distance,Bisection width,Connections
323,1 7 71,6,4.65217,158,969
323,1 9 91,6,4.65217,202,969
323,1 36 46,6,4.65217,166,969
