Vertices,Gen set,Diameter,Average distance,Bisection width,Connections
392,1 16 117,7,4.91816,268,1176
392,1 33 46,7,4.91816,160,1176
392,1 58 95,7,4.91816,308,1176
392,1 67 104,7,4.91816,344,1176
