Vertices,Gen set,Diameter,Average distance,Bisection width,Connections
391,1 13 115,7,4.92821,258,1173
391,1 27 177,7,4.92821,410,1173
391,1 29 50,7,4.92821,160,1173
391,1 30 69,7,4.92821,200,1173
391,1 32 86,7,4.92821,238,1173
391,1 36 50,7,4.92821,174,1173
391,1 76 110,7,4.92821,374,1173
391,1 86 148,7,4.92821,470,1173
