Vertices,Gen set,Diameter,Average distance,Bisection width,Connections
36,1 4 10,3,2.14286,30,108
36,1 4 11,3,2.14286,32,108
36,1 4 13,3,2.14286,36,108
36,1 4 15,3,2.14286,40,108
36,1 5 8,3,2.14286,28,108
36,1 5 14,3,2.14286,40,108
36,1 6 16,3,2.14286,46,108
36,1 7 10,3,2.14286,36,108
36,1 7 16,3,2.14286,48,108
36,1 8 11,3,2.14286,40,108
36,1 8 13,3,2.14286,44,108
36,1 10 14,3,2.14286,50,108
36,1 11 16,3,2.14286,56,108
36,1 13 16,3,2.14286,60,108
