Vertices,Gen set,Diameter,Average distance,Bisection width,Connections
399,1 12 147,7,4.96482,320,1197
399,1 29 130,7,4.96482,320,1197
399,1 32 55,7,4.96482,176,1197
399,1 39 174,7,4.96482,428,1197
399,1 54 155,7,4.96482,420,1197
399,1 75 139,7,4.96482,430,1197
399,1 89 187,7,4.96482,554,1197
399,1 138 182,7,4.96482,642,1197
