Vertices,Gen set,Diameter,Average distance,Bisection width,Connections
395,1 24 178,7,4.93909,406,1185
395,1 62 162,7,4.93909,450,1185
395,1 172 181,7,4.93909,708,1185
