Vertices,Gen set,Diameter,Average distance,Bisection width,Connections
367,1 31 43,7,4.82514,150,1101
367,1 69 128,7,4.82514,396,1101
367,1 71 117,7,4.82514,378,1101
