Vertices,Gen set,Diameter,Average distance,Bisection width,Connections
365,1 15 109,7,4.81868,250,1095
365,1 25 162,7,4.81868,376,1095
365,1 30 144,7,4.81868,350,1095
365,1 63 140,7,4.81868,408,1095
365,1 67 174,7,4.81868,484,1095
365,1 70 178,7,4.81868,498,1095
365,1 78 86,7,4.81868,330,1095
365,1 117 158,7,4.81868,552,1095
365,1 160 168,7,4.81868,658,1095
