Vertices,Gen set,Diameter,Average distance,Bisection width,Connections
363,1 38 167,7,4.80663,412,1089
363,1 50 85,7,4.80663,272,1089
363,1 86 158,7,4.80663,490,1089
