Vertices,Gen set,Diameter,Average distance,Bisection width,Connections
379,1 23 79,7,4.86243,206,1137
379,1 24 173,7,4.86243,396,1137
379,1 29 67,7,4.86243,194,1137
379,1 33 46,7,4.86243,160,1137
379,1 57 181,7,4.86243,478,1137
379,1 133 183,7,4.86243,634,1137
