Vertices,Gen set,Diameter,Average distance,Bisection width,Connections
313,1 28 34,6,4.63462,126,939
313,1 36 46,6,4.63462,166,939
313,1 113 123,6,4.63462,474,939
