Vertices,Gen set,Diameter,Average distance,Bisection width,Connections
329,1 24 57,7,4.64024,164,987
329,1 87 127,7,4.64024,430,987
329,1 96 121,7,4.64024,436,987
