Vertices,Gen set,Diameter,Average distance,Bisection width,Connections
331,1 20 69,7,4.65455,180,993
331,1 20 149,7,4.65455,340,993
331,1 24 149,7,4.65455,348,993
