Vertices,Gen set,Diameter,Average distance,Bisection width,Connections
377,1 19 65,7,4.85638,170,1131
377,1 30 140,7,4.85638,342,1131
377,1 35 81,7,4.85638,234,1131
377,1 88 121,7,4.85638,420,1131
377,1 119 182,7,4.85638,604,1131
