Vertices,Gen set,Diameter,Average distance,Bisection width,Connections
357,1 13 108,7,4.78652,244,1071
357,1 26 62,7,4.78652,178,1071
357,1 46 122,7,4.78652,338,1071
357,1 55 129,7,4.78652,370,1071
357,1 58 167,7,4.78652,452,1071
357,1 64 79,7,4.78652,288,1071
357,1 80 151,7,4.78652,464,1071
357,1 106 163,7,4.78652,540,1071
