Vertices,Gen set,Diameter,Average distance,Bisection width,Connections
349,1 24 158,7,4.72989,366,1047
349,1 62 148,7,4.72989,422,1047
349,1 152 160,7,4.72989,626,1047
