Vertices,Gen set,Diameter,Average distance,Bisection width,Connections
353,1 28 131,7,4.76705,320,1059
353,1 63 134,7,4.76705,396,1059
353,1 97 108,7,4.76705,412,1059
