Vertices,Gen set,Diameter,Average distance,Bisection width,Connections
478,1 32 86,8,5.28092,238,1434
478,1 71 86,8,5.28092,316,1434
478,1 82 101,8,5.28092,368,1434
478,1 142 218,8,5.28092,722,1434
