Vertices,Gen set,Diameter,Average distance,Bisection width,Connections
407,1 39 54,7,4.99507,188,1221
407,1 64 167,7,4.99507,464,1221
407,1 98 159,7,4.99507,516,1221
