Vertices,Gen set,Diameter,Average distance,Bisection width,Connections
479,1 9 73,7,5.35146,166,1437
479,1 13 105,7,5.35146,238,1437
479,1 213 221,7,5.35146,870,1437
