Vertices,Gen set,Diameter,Average distance,Bisection width,Connections
471,1 70 149,7,5.26809,440,1413
471,1 74 193,7,5.26809,536,1413
471,1 98 205,7,5.26809,608,1413
