Vertices,Gen set,Diameter,Average distance,Bisection width,Connections
427,1 34 59,7,5.07512,188,1281
427,1 44 152,7,5.07512,394,1281
427,1 113 165,7,5.07512,558,1281
