Vertices,Gen set,Diameter,Average distance,Bisection width,Connections
400,1 20 69,7,4.97494,180,1200
400,1 29 180,7,4.97494,420,1200
400,1 90 166,7,4.97494,514,1200
