Vertices,Gen set,Diameter,Average distance,Bisection width,Connections
431,1 32 55,7,5.10698,176,1293
431,1 47 211,7,5.10698,518,1293
431,1 96 202,7,5.10698,598,1293
