Vertices,Gen set,Diameter,Average distance,Bisection width,Connections
477,1 32 86,8,5.27731,238,1431
477,1 36 50,8,5.27731,174,1431
477,1 44 61,8,5.27731,212,1431
477,1 124 171,8,5.27731,592,1431
477,1 164 206,8,5.27731,742,1431
477,1 198 228,8,5.27731,854,1431
