Vertices,Gen set,Diameter,Average distance,Bisection width,Connections
423,1 15 185,7,5.06635,402,1269
423,1 16 183,7,5.06635,400,1269
423,1 102 165,7,5.06635,536,1269
