Vertices,Gen set,Diameter,Average distance,Bisection width,Connections
474,1 18 205,8,5.26216,448,1422
474,1 36 58,8,5.26216,190,1422
474,1 37 192,8,5.26216,460,1422
474,1 40 134,8,5.26216,350,1422
