Vertices,Gen set,Diameter,Average distance,Bisection width,Connections
491,1 15 146,8,5.33878,324,1473
491,1 16 150,8,5.33878,334,1473
491,1 19 84,8,5.33878,208,1473
491,1 23 131,8,5.33878,310,1473
491,1 24 226,8,5.33878,502,1473
491,1 29 76,8,5.33878,212,1473
491,1 36 85,8,5.33878,244,1473
491,1 37 64,8,5.33878,204,1473
491,1 39 63,8,5.33878,206,1473
491,1 52 92,8,5.33878,290,1473
491,1 155 237,8,5.33878,786,1473
491,1 214 225,8,5.33878,880,1473
