Vertices,Gen set,Diameter,Average distance,Bisection width,Connections
495,1 9 109,7,5.38462,238,1485
495,1 11 89,7,5.38462,202,1485
495,1 46 56,7,5.38462,206,1485
495,1 143 153,7,5.38462,594,1485
495,1 214 226,7,5.38462,882,1485
495,1 221 229,7,5.38462,902,1485
