Vertices,Gen set,Diameter,Average distance,Bisection width,Connections
459,1 10 101,7,5.23144,224,1377
459,1 41 50,7,5.23144,184,1377
459,1 46 56,7,5.23144,206,1377
