Vertices,Gen set,Diameter,Average distance,Bisection width,Connections
475,1 49 169,8,5.26582,438,1425
475,1 81 126,8,5.26582,416,1425
475,1 104 129,8,5.26582,468,1425
