Vertices,Gen set,Diameter,Average distance,Bisection width,Connections
445,1 24 203,7,5.15315,456,1335
445,1 27 204,7,5.15315,464,1335
445,1 33 57,7,5.15315,182,1335
