Vertices,Gen set,Diameter,Average distance,Bisection width,Connections
437,1 34 177,8,5.11009,424,1311
437,1 64 79,8,5.11009,288,1311
437,1 90 198,8,5.11009,578,1311
