Vertices,Gen set,Diameter,Average distance,Bisection width,Connections
482,1 28 218,8,5.29938,494,1446
482,1 91 224,8,5.29938,632,1446
482,1 110 229,8,5.29938,680,1446
482,1 143 220,8,5.29938,728,1446
482,1 210 221,8,5.29938,864,1446
