Vertices,Gen set,Diameter,Average distance,Bisection width,Connections
499,1 40 69,8,5.36145,220,1497
499,1 94 232,8,5.36145,654,1497
499,1 114 237,8,5.36145,704,1497
