Vertices,Gen set,Diameter,Average distance,Bisection width,Connections
487,1 104 131,8,5.31687,472,1461
487,1 171 235,8,5.31687,814,1461
487,1 172 192,8,5.31687,730,1461
