Vertices,Gen set,Diameter,Average distance,Bisection width,Connections
403,1 15 147,7,4.97512,326,1209
403,1 33 159,7,4.97512,386,1209
403,1 171 188,7,4.97512,720,1209
