Vertices,Gen set,Diameter,Average distance,Bisection width,Connections
433,1 47 212,7,5.11574,520,1299
433,1 69 129,7,5.11574,398,1299
433,1 96 182,7,5.11574,558,1299
