Vertices,Gen set,Diameter,Average distance,Bisection width,Connections
405,1 27 73,7,4.97525,202,1215
405,1 33 89,7,4.97525,246,1215
405,1 91 168,7,4.97525,520,1215
405,1 172 189,7,4.97525,724,1215
