Vertices,Gen set,Diameter,Average distance,Bisection width,Connections
439,1 69 180,7,5.12785,500,1317
439,1 70 131,7,5.12785,404,1317
439,1 100 124,7,5.12785,450,1317
