Vertices,Gen set,Diameter,Average distance,Bisection width,Connections
486,1 34 154,8,5.31753,378,1458
486,1 36 62,8,5.31753,198,1458
486,1 66 149,8,5.31753,432,1458
486,1 137 192,8,5.31753,660,1458
