Vertices,Gen set,Diameter,Average distance,Bisection width,Connections
440,1 30 71,7,5.14579,204,1320
440,1 31 50,7,5.14579,164,1320
440,1 70 131,7,5.14579,404,1320
