Vertices,Gen set,Diameter,Average distance,Bisection width,Connections
413,1 25 186,7,5.00971,424,1239
413,1 29 131,7,5.00971,322,1239
413,1 33 57,7,5.00971,182,1239
