Vertices,Gen set,Diameter,Average distance,Bisection width,Connections
421,1 16 182,7,5.03333,398,1263
421,1 64 79,7,5.03333,288,1263
421,1 125 192,7,5.03333,636,1263
