Vertices,Gen set,Diameter,Average distance,Bisection width,Connections
46,1 4 18,3,2.33333,46,138
46,1 6 21,3,2.33333,56,138
46,1 8 11,3,2.33333,40,138
46,1 8 12,3,2.33333,42,138
46,1 11 20,3,2.33333,64,138
46,1 12 18,3,2.33333,62,138
46,1 12 19,3,2.33333,64,138
46,1 16 21,3,2.33333,76,138
46,1 17 20,3,2.33333,76,138
