Vertices,Gen set,Diameter,Average distance,Bisection width,Connections
47,1 4 18,3,2.34783,46,141
47,1 4 19,3,2.34783,48,141
47,1 5 13,3,2.34783,38,141
47,1 5 17,3,2.34783,46,141
47,1 5 20,3,2.34783,52,141
47,1 6 19,3,2.34783,52,141
47,1 7 12,3,2.34783,40,141
47,1 7 17,3,2.34783,50,141
47,1 8 11,3,2.34783,40,141
47,1 10 15,3,2.34783,52,141
47,1 11 17,3,2.34783,58,141
47,1 11 20,3,2.34783,64,141
47,1 12 19,3,2.34783,64,141
47,1 14 22,3,2.34783,74,141
47,1 15 22,3,2.34783,76,141
