Vertices,Gen set,Diameter,Average distance,Bisection width,Connections
463,1 9 101,7,5.25541,222,1389
463,1 32 55,7,5.25541,176,1389
463,1 103 217,7,5.25541,642,1389
