Vertices,Gen set,Diameter,Average distance,Bisection width,Connections
467,1 29 69,8,5.23605,198,1401
467,1 88 217,8,5.23605,612,1401
467,1 99 161,8,5.23605,522,1401
