Vertices,Gen set,Diameter,Average distance,Bisection width,Connections
443,1 24 202,7,5.14027,454,1329
443,1 101 125,7,5.14027,454,1329
443,1 193 203,7,5.14027,794,1329
