Vertices,Gen set,Diameter,Average distance,Bisection width,Connections
435,1 34 59,7,5.12903,188,1305
435,1 59 169,7,5.12903,458,1305
435,1 64 139,7,5.12903,408,1305
