Vertices,Gen set,Diameter,Average distance,Bisection width,Connections
449,1 8 81,7,5.21875,180,1347
449,1 46 56,7,5.21875,206,1347
449,1 194 205,7,5.21875,800,1347
