Vertices,Gen set,Diameter,Average distance,Bisection width,Connections
40,1 4 15,3,2.23077,40,120
40,1 4 17,3,2.23077,44,120
40,1 5 14,3,2.23077,40,120
40,1 5 16,3,2.23077,44,120
40,1 6 15,3,2.23077,44,120
40,1 7 12,3,2.23077,40,120
40,1 7 18,3,2.23077,52,120
40,1 8 11,3,2.23077,40,120
40,1 8 14,3,2.23077,46,120
40,1 8 18,3,2.23077,54,120
40,1 12 18,3,2.23077,62,120
40,1 14 17,3,2.23077,64,120
40,1 15 18,3,2.23077,68,120
