Vertices,Gen set,Diameter,Average distance,Bisection width,Connections
417,1 29 67,7,5.05769,194,1251
417,1 44 56,7,5.05769,202,1251
417,1 115 199,7,5.05769,630,1251
