Vertices,Gen set,Diameter,Average distance,Bisection width,Connections
497,1 27 64,8,5.35484,184,1491
497,1 76 92,8,5.35484,338,1491
497,1 85 132,8,5.35484,436,1491
