Vertices,Gen set,Diameter,Average distance,Bisection width,Connections
485,1 17 212,8,5.30165,460,1455
485,1 41 57,8,5.30165,198,1455
485,1 71 167,8,5.30165,478,1455
485,1 115 177,8,5.30165,586,1455
485,1 137 235,8,5.30165,746,1455
