Vertices,Gen set,Diameter,Average distance,Bisection width,Connections
425,1 11 162,7,5.08491,348,1275
425,1 92 116,7,5.08491,418,1275
425,1 97 202,7,5.08491,600,1275
