Vertices,Gen set,Diameter,Average distance,Bisection width,Connections
489,1 38 53,8,5.31967,184,1467
489,1 40 193,8,5.31967,468,1467
489,1 110 203,8,5.31967,628,1467
