Vertices,Gen set,Diameter,Average distance,Bisection width,Connections
42,1 4 16,3,2.26829,42,126
42,1 6 10,3,2.26829,34,126
42,1 7 10,3,2.26829,36,126
42,1 7 12,3,2.26829,40,126
42,1 8 11,3,2.26829,40,126
42,1 8 12,3,2.26829,42,126
42,1 10 15,3,2.26829,52,126
42,1 10 18,3,2.26829,58,126
42,1 15 18,3,2.26829,68,126
42,1 16 19,3,2.26829,72,126
