Vertices,Gen set,Diameter,Average distance,Bisection width,Connections
457,1 9 83,7,5.23684,186,1371
457,1 11 99,7,5.23684,222,1371
457,1 60 203,7,5.23684,528,1371
