Vertices,Gen set,Diameter,Average distance,Bisection width,Connections
461,1 11 100,7,5.23913,224,1383
461,1 42 51,7,5.23913,188,1383
461,1 189 226,7,5.23913,832,1383
