Vertices,Gen set,Diameter,Average distance,Bisection width,Connections
453,1 43 55,7,5.21681,198,1359
453,1 83 158,7,5.21681,484,1359
453,1 131 140,7,5.21681,544,1359
