Vertices,Gen set,Diameter,Average distance,Bisection width,Connections
419,1 10 91,7,5.06699,204,1257
419,1 42 51,7,5.06699,188,1257
419,1 115 198,7,5.06699,628,1257
