Vertices,Gen set,Diameter,Average distance,Bisection width,Connections
503,1 33 57,8,5.37849,182,1509
503,1 44 61,8,5.37849,212,1509
503,1 80 150,8,5.37849,462,1509
