Vertices,Gen set,Diameter,Average distance,Bisection width,Connections
56,1 4 21,4,2.50909,52,168
56,1 4 22,4,2.50909,54,168
56,1 5 16,4,2.50909,44,168
56,1 8 11,4,2.50909,40,168
56,1 10 16,4,2.50909,54,168
56,1 13 24,4,2.50909,76,168
