Vertices,Gen set,Diameter,Average distance,Bisection width,Connections
571,1 43 60,8,5.60702,208,1713
571,1 65 239,8,5.60702,610,1713
571,1 70 185,8,5.60702,512,1713
571,1 123 276,8,5.60702,800,1713
571,1 125 155,8,5.60702,562,1713
571,1 201 250,8,5.60702,904,1713
