Vertices,Gen set,Diameter,Average distance,Bisection width,Connections
526,1 40 146,8,5.46095,374,1578
526,1 110 238,8,5.46095,698,1578
526,1 120 250,8,5.46095,742,1578
526,1 166 254,8,5.46095,842,1578
