Vertices,Gen set,Diameter,Average distance,Bisection width,Connections
517,1 30 234,8,5.43411,530,1551
517,1 57 99,8,5.43411,314,1551
517,1 77 93,8,5.43411,342,1551
517,1 77 189,8,5.43411,534,1551
517,1 95 252,8,5.43411,696,1551
517,1 127 165,8,5.43411,586,1551
517,1 199 224,8,5.43411,848,1551
