Vertices,Gen set,Diameter,Average distance,Bisection width,Connections
564,1 37 64,8,5.58615,204,1692
564,1 44 61,8,5.58615,212,1692
564,1 46 64,8,5.58615,222,1692
