Vertices,Gen set,Diameter,Average distance,Bisection width,Connections
523,1 54 186,8,5.44444,482,1569
523,1 169 239,8,5.44444,818,1569
523,1 184 229,8,5.44444,828,1569
