Vertices,Gen set,Diameter,Average distance,Bisection width,Connections
541,1 44 200,8,5.51111,490,1623
541,1 143 209,8,5.51111,706,1623
541,1 165 227,8,5.51111,786,1623
