Vertices,Gen set,Diameter,Average distance,Bisection width,Connections
510,1 18 223,8,5.39293,484,1530
510,1 36 58,8,5.39293,190,1530
510,1 144 247,8,5.39293,784,1530
