Vertices,Gen set,Diameter,Average distance,Bisection width,Connections
520,1 28 237,8,5.42389,532,1560
520,1 44 61,8,5.42389,212,1560
520,1 44 147,8,5.42389,384,1560
520,1 76 179,8,5.42389,512,1560
