Vertices,Gen set,Diameter,Average distance,Bisection width,Connections
548,1 22 245,8,5.53565,536,1644
548,1 85 226,8,5.53565,624,1644
548,1 116 178,8,5.53565,590,1644
