Vertices,Gen set,Diameter,Average distance,Bisection width,Connections
557,1 30 254,8,5.56835,570,1671
557,1 95 148,8,5.56835,488,1671
557,1 125 149,8,5.56835,550,1671
557,1 129 154,8,5.56835,568,1671
557,1 130 157,8,5.56835,576,1671
557,1 170 207,8,5.56835,756,1671
