Vertices,Gen set,Diameter,Average distance,Bisection width,Connections
595,1 18 177,8,5.67003,392,1785
595,1 33 109,8,5.67003,286,1785
595,1 131 158,8,5.67003,580,1785
