Vertices,Gen set,Diameter,Average distance,Bisection width,Connections
58,1 4 16,4,2.52632,42,174
58,1 5 22,4,2.52632,56,174
58,1 6 21,4,2.52632,56,174
58,1 8 11,4,2.52632,40,174
58,1 16 23,4,2.52632,80,174
58,1 18 26,4,2.52632,90,174
