Vertices,Gen set,Diameter,Average distance,Bisection width,Connections
509,1 16 117,8,5.39764,268,1527
509,1 87 135,8,5.39764,446,1527
509,1 159 230,8,5.39764,780,1527
