Vertices,Gen set,Diameter,Average distance,Bisection width,Connections
559,1 115 145,8,5.57348,522,1677
559,1 155 266,8,5.57348,844,1677
559,1 175 220,8,5.57348,792,1677
