Vertices,Gen set,Diameter,Average distance,Bisection width,Connections
521,1 44 61,8,5.43462,212,1563
521,1 163 205,8,5.43462,738,1563
521,1 179 225,8,5.43462,810,1563
