Vertices,Gen set,Diameter,Average distance,Bisection width,Connections
589,1 105 185,8,5.67687,582,1767
589,1 112 156,8,5.67687,538,1767
589,1 142 230,8,5.67687,746,1767
