Vertices,Gen set,Diameter,Average distance,Bisection width,Connections
507,1 17 149,8,5.39526,334,1521
507,1 33 87,8,5.39526,242,1521
507,1 109 245,8,5.39526,710,1521
507,1 179 200,8,5.39526,760,1521
