Vertices,Gen set,Diameter,Average distance,Bisection width,Connections
547,1 15 200,8,5.52381,432,1641
547,1 73 169,8,5.52381,486,1641
547,1 123 227,8,5.52381,702,1641
