Vertices,Gen set,Diameter,Average distance,Bisection width,Connections
513,1 25 236,8,5.41406,524,1539
513,1 41 71,8,5.41406,226,1539
513,1 50 224,8,5.41406,550,1539
