Vertices,Gen set,Diameter,Average distance,Bisection width,Connections
535,1 29 69,8,5.48689,198,1605
535,1 31 171,8,5.48689,406,1605
535,1 166 219,8,5.48689,772,1605
