Vertices,Gen set,Diameter,Average distance,Bisection width,Connections
580,1 41 66,8,5.61831,216,1740
580,1 49 68,8,5.61831,236,1740
580,1 71 188,8,5.61831,520,1740
580,1 99 154,8,5.61831,508,1740
