Vertices,Gen set,Diameter,Average distance,Bisection width,Connections
527,1 37 64,8,5.45247,204,1581
527,1 41 57,8,5.45247,198,1581
527,1 90 140,8,5.45247,462,1581
