Vertices,Gen set,Diameter,Average distance,Bisection width,Connections
581,1 24 262,8,5.64138,574,1743
581,1 41 66,8,5.64138,216,1743
581,1 44 61,8,5.64138,212,1743
581,1 51 62,8,5.64138,228,1743
581,1 85 200,8,5.64138,572,1743
581,1 121 253,8,5.64138,750,1743
