Vertices,Gen set,Diameter,Average distance,Bisection width,Connections
556,1 16 204,8,5.55856,442,1668
556,1 131 252,8,5.55856,768,1668
556,1 191 240,8,5.55856,864,1668
