Vertices,Gen set,Diameter,Average distance,Bisection width,Connections
531,1 16 158,8,5.46792,350,1593
531,1 94 205,8,5.46792,600,1593
531,1 166 209,8,5.46792,752,1593
