Vertices,Gen set,Diameter,Average distance,Bisection width,Connections
522,1 35 94,8,5.44146,260,1566
522,1 122 179,8,5.44146,604,1566
522,1 163 236,8,5.44146,800,1566
522,1 200 253,8,5.44146,908,1566
