Vertices,Gen set,Diameter,Average distance,Bisection width,Connections
505,1 9 91,7,5.40079,202,1515
505,1 11 111,7,5.40079,246,1515
505,1 46 56,7,5.40079,206,1515
