Vertices,Gen set,Diameter,Average distance,Bisection width,Connections
563,1 44 228,8,5.58719,546,1689
563,1 46 64,8,5.58719,222,1689
563,1 121 257,8,5.58719,758,1689
