Vertices,Gen set,Diameter,Average distance,Bisection width,Connections
545,1 46 64,8,5.51103,222,1635
545,1 46 154,8,5.51103,402,1635
545,1 154 264,8,5.51103,838,1635
