Vertices,Gen set,Diameter,Average distance,Bisection width,Connections
569,1 33 182,8,5.58099,432,1707
569,1 40 69,8,5.58099,220,1707
569,1 77 221,8,5.58099,598,1707
569,1 128 272,8,5.58099,802,1707
569,1 133 195,8,5.58099,658,1707
569,1 178 224,8,5.58099,806,1707
