Vertices,Gen set,Diameter,Average distance,Bisection width,Connections
555,1 77 214,8,5.54513,584,1665
555,1 143 236,8,5.54513,760,1665
555,1 163 173,8,5.54513,674,1665
