Vertices,Gen set,Diameter,Average distance,Bisection width,Connections
591,1 46 64,8,5.67119,222,1773
591,1 50 167,8,5.67119,436,1773
591,1 130 157,8,5.67119,576,1773
