Vertices,Gen set,Diameter,Average distance,Bisection width,Connections
585,1 16 214,8,5.64726,462,1755
585,1 41 71,8,5.64726,226,1755
585,1 206 256,8,5.64726,926,1755
