Vertices,Gen set,Diameter,Average distance,Bisection width,Connections
579,1 32 106,8,5.63322,278,1737
579,1 44 71,8,5.63322,232,1737
579,1 199 250,8,5.63322,900,1737
