Vertices,Gen set,Diameter,Average distance,Bisection width,Connections
584,1 76 174,8,5.66038,502,1752
584,1 122 287,8,5.66038,820,1752
584,1 175 258,8,5.66038,868,1752
