Vertices,Gen set,Diameter,Average distance,Bisection width,Connections
540,1 40 69,8,5.49351,220,1620
540,1 86 161,8,5.49351,496,1620
540,1 161 194,8,5.49351,712,1620
