Vertices,Gen set,Diameter,Average distance,Bisection width,Connections
587,1 75 161,8,5.66212,474,1761
587,1 175 211,8,5.66212,774,1761
587,1 180 217,8,5.66212,796,1761
