Vertices,Gen set,Diameter,Average distance,Bisection width,Connections
577,1 39 63,8,5.62847,206,1731
577,1 46 74,8,5.62847,242,1731
577,1 138 174,8,5.62847,626,1731
