Vertices,Gen set,Diameter,Average distance,Bisection width,Connections
567,1 17 209,8,5.59364,454,1701
567,1 79 100,8,5.59364,360,1701
567,1 122 274,8,5.59364,794,1701
