Vertices,Gen set,Diameter,Average distance,Bisection width,Connections
538,1 36 97,8,5.49907,268,1614
538,1 42 218,8,5.49907,522,1614
538,1 44 61,8,5.49907,212,1614
