Vertices,Gen set,Diameter,Average distance,Bisection width,Connections
617,1 30 284,8,5.78247,630,1851
617,1 39 63,8,5.78247,206,1851
617,1 144 174,8,5.78247,638,1851
