Vertices,Gen set,Diameter,Average distance,Bisection width,Connections
699,1 53 194,9,6.00287,496,2097
699,1 148 227,9,6.00287,752,2097
699,1 211 307,9,6.00287,1038,2097
