Vertices,Gen set,Diameter,Average distance,Bisection width,Connections
629,1 11 264,8,5.82166,552,1887
629,1 24 286,8,5.82166,622,1887
629,1 131 274,8,5.82166,812,1887
