Vertices,Gen set,Diameter,Average distance,Bisection width,Connections
621,1 47 76,8,5.79032,248,1863
621,1 185 223,8,5.79032,818,1863
621,1 220 286,8,5.79032,1014,1863
