Vertices,Gen set,Diameter,Average distance,Bisection width,Connections
691,1 107 244,9,5.97681,704,2073
691,1 127 337,9,5.97681,930,2073
691,1 155 185,9,5.97681,682,2073
