Vertices,Gen set,Diameter,Average distance,Bisection width,Connections
655,1 10 100,8,5.93578,222,1965
655,1 11 143,8,5.93578,310,1965
655,1 13 119,8,5.93578,266,1965
655,1 142 252,8,5.93578,790,1965
