Vertices,Gen set,Diameter,Average distance,Bisection width,Connections
623,1 137 263,8,5.80707,802,1869
623,1 191 230,8,5.80707,844,1869
623,1 279 289,8,5.80707,1138,1869
