Vertices,Gen set,Diameter,Average distance,Bisection width,Connections
665,1 10 120,8,5.95482,262,1995
665,1 11 121,8,5.95482,266,1995
665,1 13 145,8,5.95482,318,1995
665,1 40 307,8,5.95482,696,1995
