Vertices,Gen set,Diameter,Average distance,Bisection width,Connections
672,1 12 121,8,5.96721,268,2016
672,1 36 313,8,5.96721,700,2016
672,1 60 73,8,5.96721,268,2016
672,1 300 311,8,5.96721,1224,2016
