Vertices,Gen set,Diameter,Average distance,Bisection width,Connections
613,1 24 278,8,5.77124,606,1839
613,1 43 60,8,5.77124,208,1839
613,1 57 258,8,5.77124,632,1839
613,1 86 225,8,5.77124,624,1839
613,1 235 297,8,5.77124,1066,1839
613,1 267 281,8,5.77124,1098,1839
