Vertices,Gen set,Diameter,Average distance,Bisection width,Connections
61,1 6 26,4,2.56667,66,183
61,1 7 19,4,2.56667,54,183
61,1 7 25,4,2.56667,66,183
61,1 10 16,4,2.56667,54,183
61,1 13 19,4,2.56667,66,183
61,1 14 22,4,2.56667,74,183
61,1 16 25,4,2.56667,84,183
61,1 21 26,4,2.56667,96,183
61,1 22 29,4,2.56667,104,183
