Vertices,Gen set,Diameter,Average distance,Bisection width,Connections
657,1 11 101,8,5.94207,226,1971
657,1 13 143,8,5.94207,314,1971
657,1 170 239,8,5.94207,820,1971
