Vertices,Gen set,Diameter,Average distance,Bisection width,Connections
641,1 24 289,8,5.84687,628,1923
641,1 173 306,8,5.84687,960,1923
641,1 187 199,8,5.84687,774,1923
