Vertices,Gen set,Diameter,Average distance,Bisection width,Connections
677,1 11 283,8,5.97337,590,2031
677,1 12 122,8,5.97337,270,2031
677,1 123 282,8,5.97337,812,2031
