Vertices,Gen set,Diameter,Average distance,Bisection width,Connections
619,1 131 201,8,5.76375,666,1857
619,1 189 230,8,5.76375,840,1857
619,1 218 271,8,5.76375,980,1857
