Vertices,Gen set,Diameter,Average distance,Bisection width,Connections
661,1 13 144,8,5.94545,316,1983
661,1 280 326,8,5.94545,1214,1983
661,1 294 305,8,5.94545,1200,1983
