Vertices,Gen set,Diameter,Average distance,Bisection width,Connections
66,1 6 25,4,2.64615,64,198
66,1 7 18,4,2.64615,52,198
66,1 12 19,4,2.64615,64,198
66,1 18 26,4,2.64615,90,198
66,1 24 29,4,2.64615,108,198
