Vertices,Gen set,Diameter,Average distance,Bisection width,Connections
673,1 88 297,8,5.97619,772,2019
673,1 100 213,8,5.97619,628,2019
673,1 130 249,8,5.97619,760,2019
673,1 140 293,8,5.97619,868,2019
673,1 147 283,8,5.97619,862,2019
673,1 195 274,8,5.97619,940,2019
