Vertices,Gen set,Diameter,Average distance,Bisection width,Connections
659,1 11 144,8,5.94529,312,1977
659,1 12 145,8,5.94529,316,1977
659,1 50 59,8,5.94529,220,1977
659,1 55 67,8,5.94529,246,1977
659,1 60 73,8,5.94529,268,1977
659,1 270 325,8,5.94529,1192,1977
