Vertices,Gen set,Diameter,Average distance,Bisection width,Connections
609,1 40 69,8,5.72697,220,1827
609,1 46 64,8,5.72697,222,1827
609,1 131 278,8,5.72697,820,1827
609,1 137 291,8,5.72697,858,1827
609,1 172 295,8,5.72697,936,1827
