Vertices,Gen set,Diameter,Average distance,Bisection width,Connections
69,1 6 22,4,2.70588,58,207
69,1 9 22,4,2.70588,64,207
69,1 11 15,4,2.70588,54,207
69,1 15 21,4,2.70588,74,207
69,1 18 28,4,2.70588,94,207
69,1 19 27,4,2.70588,94,207
69,1 24 29,4,2.70588,108,207
69,1 24 32,4,2.70588,114,207
69,1 25 30,4,2.70588,112,207
