Vertices,Gen set,Diameter,Average distance,Bisection width,Connections
675,1 49 79,9,5.93175,258,2025
675,1 94 119,9,5.93175,428,2025
675,1 124 329,9,5.93175,908,2025
