Vertices,Gen set,Diameter,Average distance,Bisection width,Connections
643,1 40 296,8,5.87539,674,1929
643,1 52 63,8,5.87539,232,1929
643,1 136 209,8,5.87539,692,1929
