Vertices,Gen set,Diameter,Average distance,Bisection width,Connections
67,1 4 19,4,2.66667,48,201
67,1 5 25,4,2.66667,62,201
67,1 5 27,4,2.66667,66,201
67,1 7 28,4,2.66667,72,201
67,1 8 27,4,2.66667,72,201
67,1 12 17,4,2.66667,60,201
