Vertices,Gen set,Diameter,Average distance,Bisection width,Connections
603,1 25 272,8,5.71429,596,1809
603,1 35 193,8,5.71429,458,1809
603,1 184 224,8,5.71429,818,1809
