Vertices,Gen set,Diameter,Average distance,Bisection width,Connections
650,1 13 272,8,5.92604,572,1950
650,1 40 91,8,5.92604,264,1950
650,1 71 320,8,5.92604,784,1950
650,1 119 270,8,5.92604,780,1950
