Vertices,Gen set,Diameter,Average distance,Bisection width,Connections
653,1 51 60,8,5.93252,224,1959
653,1 64 78,8,5.93252,286,1959
653,1 185 293,8,5.93252,958,1959
