Vertices,Gen set,Diameter,Average distance,Bisection width,Connections
601,1 48 83,8,5.70667,264,1803
601,1 136 288,8,5.70667,850,1803
601,1 137 210,8,5.70667,696,1803
