Vertices,Gen set,Diameter,Average distance,Bisection width,Connections
685,1 84 222,9,5.95906,614,2055
685,1 106 242,9,5.95906,698,2055
685,1 108 167,9,5.95906,552,2055
