Vertices,Gen set,Diameter,Average distance,Bisection width,Connections
631,1 24 287,8,5.82222,624,1893
631,1 132 310,8,5.82222,886,1893
631,1 184 196,8,5.82222,762,1893
