Vertices,Gen set,Diameter,Average distance,Bisection width,Connections
649,1 83 192,8,5.87037,552,1947
649,1 86 287,8,5.87037,748,1947
649,1 199 240,8,5.87037,880,1947
