Vertices,Gen set,Diameter,Average distance,Bisection width,Connections
60,1 9 22,4,2.55932,64,180
60,1 10 14,4,2.55932,50,180
60,1 10 16,4,2.55932,54,180
60,1 10 27,4,2.55932,76,180
60,1 22 26,4,2.55932,98,180
