Vertices,Gen set,Diameter,Average distance,Bisection width,Connections
607,1 142 208,8,5.71947,702,1821
607,1 143 275,8,5.71947,838,1821
607,1 181 218,8,5.71947,800,1821
