Vertices,Gen set,Diameter,Average distance,Bisection width,Connections
605,1 18 223,8,5.70199,484,1815
605,1 41 66,8,5.70199,216,1815
605,1 46 168,8,5.70199,430,1815
605,1 59 264,8,5.70199,648,1815
605,1 171 293,8,5.70199,930,1815
