Vertices,Gen set,Diameter,Average distance,Bisection width,Connections
667,1 13 119,8,5.96096,266,2001
667,1 101 213,8,5.96096,630,2001
667,1 154 317,8,5.96096,944,2001
