Vertices,Gen set,Diameter,Average distance,Bisection width,Connections
647,1 41 66,8,5.85139,216,1941
647,1 49 68,8,5.85139,236,1941
647,1 142 314,8,5.85139,914,1941
