Vertices,Gen set,Diameter,Average distance,Bisection width,Connections
671,1 10 121,8,5.96418,264,2013
671,1 11 122,8,5.96418,268,2013
671,1 12 121,8,5.96418,268,2013
671,1 55 67,8,5.96418,246,2013
671,1 56 66,8,5.96418,246,2013
671,1 60 73,8,5.96418,268,2013
671,1 123 256,8,5.96418,760,2013
671,1 239 249,8,5.96418,978,2013
