Vertices,Gen set,Diameter,Average distance,Bisection width,Connections
689,1 13 105,8,6.08721,238,2067
689,1 64 78,8,6.08721,286,2067
689,1 183 195,8,6.08721,758,2067
689,1 199 213,8,6.08721,826,2067
689,1 305 317,8,6.08721,1246,2067
689,1 314 322,8,6.08721,1274,2067
