Vertices,Gen set,Diameter,Average distance,Bisection width,Connections
692,1 50 112,9,5.98842,326,2076
692,1 64 227,9,5.98842,584,2076
692,1 189 332,9,5.98842,1044,2076
