Vertices,Gen set,Diameter,Average distance,Bisection width,Connections
625,1 41 71,8,5.79808,226,1875
625,1 44 61,8,5.79808,212,1875
625,1 44 71,8,5.79808,232,1875
