Vertices,Gen set,Diameter,Average distance,Bisection width,Connections
721,1 27 255,9,6.07222,566,2163
721,1 51 82,9,6.07222,268,2163
721,1 189 332,9,6.07222,1044,2163
721,1 215 259,9,6.07222,950,2163
721,1 267 311,9,6.07222,1158,2163
