Vertices,Gen set,Diameter,Average distance,Bisection width,Connections
71,1 7 30,4,2.68571,76,213
71,1 10 16,4,2.68571,54,213
71,1 26 31,4,2.68571,116,213
