Vertices,Gen set,Diameter,Average distance,Bisection width,Connections
775,1 53 68,9,6.22997,244,2325
775,1 57 79,9,6.22997,274,2325
775,1 117 206,9,6.22997,648,2325
