Vertices,Gen set,Diameter,Average distance,Bisection width,Connections
76,1 7 18,4,2.77333,52,228
76,1 8 27,4,2.77333,72,228
76,1 10 16,4,2.77333,54,228
76,1 11 30,4,2.77333,84,228
76,1 14 22,4,2.77333,74,228
76,1 20 31,4,2.77333,104,228
76,1 21 30,4,2.77333,104,228
76,1 29 34,4,2.77333,128,228
