Vertices,Gen set,Diameter,Average distance,Bisection width,Connections
757,1 27 343,9,6.17196,742,2271
757,1 28 237,9,6.17196,532,2271
757,1 64 214,9,6.17196,558,2271
