Vertices,Gen set,Diameter,Average distance,Bisection width,Connections
79,1 6 32,4,2.82051,78,237
79,1 7 25,4,2.82051,66,237
79,1 7 30,4,2.82051,76,237
79,1 7 34,4,2.82051,84,237
79,1 9 33,4,2.82051,86,237
79,1 12 29,4,2.82051,84,237
79,1 13 21,4,2.82051,70,237
79,1 15 37,4,2.82051,106,237
79,1 19 25,4,2.82051,90,237
79,1 19 34,4,2.82051,108,237
79,1 29 34,4,2.82051,128,237
79,1 30 35,4,2.82051,132,237
