Vertices,Gen set,Diameter,Average distance,Bisection width,Connections
706,1 165 242,9,6.03121,816,2118
706,1 213 310,9,6.03121,1048,2118
706,1 261 328,9,6.03121,1180,2118
706,1 295 330,9,6.03121,1252,2118
