Vertices,Gen set,Diameter,Average distance,Bisection width,Connections
735,1 56 204,9,6.11717,522,2205
735,1 102 361,9,6.11717,928,2205
735,1 226 267,9,6.11717,988,2205
