Vertices,Gen set,Diameter,Average distance,Bisection width,Connections
708,1 150 230,9,6.03395,762,2124
708,1 161 340,9,6.03395,1004,2124
708,1 200 343,9,6.03395,1088,2124
