Vertices,Gen set,Diameter,Average distance,Bisection width,Connections
746,1 18 276,9,6.14765,590,2238
746,1 63 360,9,6.14765,848,2238
746,1 98 115,9,6.14765,428,2238
746,1 176 253,9,6.14765,860,2238
746,1 225 314,9,6.14765,1080,2238
