Vertices,Gen set,Diameter,Average distance,Bisection width,Connections
715,1 20 166,9,6.05602,374,2145
715,1 54 75,9,6.05602,260,2145
715,1 56 310,9,6.05602,734,2145
715,1 200 331,9,6.05602,1064,2145
