Vertices,Gen set,Diameter,Average distance,Bisection width,Connections
787,1 90 127,9,6.25191,436,2361
787,1 179 378,9,6.25191,1116,2361
787,1 255 376,9,6.25191,1264,2361
