Vertices,Gen set,Diameter,Average distance,Bisection width,Connections
78,1 7 30,4,2.80519,76,234
78,1 11 18,4,2.80519,60,234
78,1 12 17,4,2.80519,60,234
78,1 18 28,4,2.80519,94,234
78,1 23 36,4,2.80519,120,234
