Vertices,Gen set,Diameter,Average distance,Bisection width,Connections
710,1 30 253,9,6.03667,568,2130
710,1 54 197,9,6.03667,504,2130
710,1 87 230,9,6.03667,636,2130
710,1 112 173,9,6.03667,572,2130
