Vertices,Gen set,Diameter,Average distance,Bisection width,Connections
751,1 96 222,9,6.14933,638,2253
751,1 133 237,9,6.14933,742,2253
751,1 159 244,9,6.14933,808,2253
