Vertices,Gen set,Diameter,Average distance,Bisection width,Connections
733,1 18 223,9,6.10656,484,2199
733,1 20 268,9,6.10656,578,2199
733,1 110 160,9,6.10656,542,2199
733,1 197 320,9,6.10656,1036,2199
733,1 207 355,9,6.10656,1126,2199
733,1 216 285,9,6.10656,1004,2199
