Vertices,Gen set,Diameter,Average distance,Bisection width,Connections
781,1 32 275,9,6.23846,616,2343
781,1 33 122,9,6.23846,312,2343
781,1 59 82,9,6.23846,284,2343
781,1 85 200,9,6.23846,572,2343
781,1 147 278,9,6.23846,852,2343
