Vertices,Gen set,Diameter,Average distance,Bisection width,Connections
743,1 30 332,9,6.13208,726,2229
743,1 47 76,9,6.13208,248,2229
743,1 88 322,9,6.13208,822,2229
