Vertices,Gen set,Diameter,Average distance,Bisection width,Connections
77,1 7 18,4,2.78947,52,231
77,1 7 33,4,2.78947,82,231
77,1 9 24,4,2.78947,68,231
77,1 10 16,4,2.78947,54,231
77,1 17 23,4,2.78947,82,231
77,1 21 30,4,2.78947,104,231
