Vertices,Gen set,Diameter,Average distance,Bisection width,Connections
747,1 30 338,9,6.14745,738,2241
747,1 54 121,9,6.14745,352,2241
747,1 69 245,9,6.14745,630,2241
747,1 142 198,9,6.14745,682,2241
747,1 204 311,9,6.14745,1032,2241
747,1 263 327,9,6.14745,1182,2241
