Vertices,Gen set,Diameter,Average distance,Bisection width,Connections
727,1 11 111,8,6.12672,246,2181
727,1 13 131,8,6.12672,290,2181
727,1 56 66,8,6.12672,246,2181
