Vertices,Gen set,Diameter,Average distance,Bisection width,Connections
761,1 86 183,9,6.18421,540,2283
761,1 166 292,9,6.18421,918,2283
761,1 341 353,9,6.18421,1390,2283
