Vertices,Gen set,Diameter,Average distance,Bisection width,Connections
753,1 51 82,9,6.16223,268,2259
753,1 57 79,9,6.16223,274,2259
753,1 66 305,9,6.16223,744,2259
753,1 101 120,9,6.16223,444,2259
