Vertices,Gen set,Diameter,Average distance,Bisection width,Connections
74,1 8 20,4,2.73973,58,222
74,1 9 30,4,2.73973,80,222
74,1 16 23,4,2.73973,80,222
74,1 20 29,4,2.73973,100,222
74,1 28 33,4,2.73973,124,222
