Vertices,Gen set,Diameter,Average distance,Bisection width,Connections
797,1 54 87,9,6.27638,284,2391
797,1 193 284,9,6.27638,956,2391
797,1 223 369,9,6.27638,1186,2391
