Vertices,Gen set,Diameter,Average distance,Bisection width,Connections
768,1 36 119,9,6.20078,312,2304
768,1 71 252,9,6.20078,648,2304
768,1 169 204,9,6.20078,748,2304
768,1 276 359,9,6.20078,1272,2304
