Vertices,Gen set,Diameter,Average distance,Bisection width,Connections
793,1 20 216,9,6.28535,474,2379
793,1 20 288,9,6.28535,618,2379
793,1 55 201,9,6.28535,514,2379
793,1 115 308,9,6.28535,848,2379
793,1 119 173,9,6.28535,586,2379
793,1 119 328,9,6.28535,896,2379
793,1 191 268,9,6.28535,920,2379
793,1 224 384,9,6.28535,1218,2379
793,1 331 349,9,6.28535,1362,2379
