Vertices,Gen set,Diameter,Average distance,Bisection width,Connections
707,1 29 249,9,6.03399,558,2121
707,1 159 338,9,6.03399,996,2121
707,1 195 228,9,6.03399,848,2121
