Vertices,Gen set,Diameter,Average distance,Bisection width,Connections
703,1 9 127,8,6.09972,274,2109
703,1 11 155,8,6.09972,334,2109
703,1 64 78,8,6.09972,286,2109
