Vertices,Gen set,Diameter,Average distance,Bisection width,Connections
767,1 121 187,9,6.19321,618,2301
767,1 136 242,9,6.19321,758,2301
767,1 141 374,9,6.19321,1032,2301
