Vertices,Gen set,Diameter,Average distance,Bisection width,Connections
719,1 88 233,9,6.06685,644,2157
719,1 108 157,9,6.06685,532,2157
719,1 316 335,9,6.06685,1304,2157
