Vertices,Gen set,Diameter,Average distance,Bisection width,Connections
773,1 49 79,9,6.20725,258,2319
773,1 137 244,9,6.20725,764,2319
773,1 142 377,9,6.20725,1040,2319
