Vertices,Gen set,Diameter,Average distance,Bisection width,Connections
779,1 117 170,9,6.22622,576,2337
779,1 165 253,9,6.22622,838,2337
779,1 288 362,9,6.22622,1302,2337
