Vertices,Gen set,Diameter,Average distance,Bisection width,Connections
713,1 9 109,8,6.11517,238,2139
713,1 13 157,8,6.11517,342,2139
713,1 317 329,8,6.11517,1294,2139
