Vertices,Gen set,Diameter,Average distance,Bisection width,Connections
785,1 77 136,9,6.24745,428,2355
785,1 213 329,9,6.24745,1086,2355
785,1 328 367,9,6.24745,1392,2355
