Vertices,Gen set,Diameter,Average distance,Bisection width,Connections
725,1 46 74,9,6.07735,242,2175
725,1 49 79,9,6.07735,258,2175
725,1 156 331,9,6.07735,976,2175
