Vertices,Gen set,Diameter,Average distance,Bisection width,Connections
75,1 6 22,4,2.75676,58,225
75,1 9 23,4,2.75676,66,225
75,1 13 33,4,2.75676,94,225
75,1 17 27,4,2.75676,90,225
