Vertices,Gen set,Diameter,Average distance,Bisection width,Connections
766,1 60 332,9,6.19608,786,2298
766,1 234 280,9,6.19608,1030,2298
766,1 320 358,9,6.19608,1358,2298
