Vertices,Gen set,Diameter,Average distance,Bisection width,Connections
729,1 46 200,9,6.10165,494,2187
729,1 95 113,9,6.10165,418,2187
729,1 152 256,9,6.10165,818,2187
729,1 206 353,9,6.10165,1120,2187
729,1 235 347,9,6.10165,1166,2187
729,1 250 299,9,6.10165,1100,2187
