Vertices,Gen set,Diameter,Average distance,Bisection width,Connections
701,1 51 82,9,6.01714,268,2103
701,1 55 304,9,6.01714,720,2103
701,1 196 265,9,6.01714,924,2103
