Vertices,Gen set,Diameter,Average distance,Bisection width,Connections
778,1 32 274,9,6.22394,614,2334
778,1 59 216,9,6.22394,552,2334
778,1 211 326,9,6.22394,1076,2334
