Vertices,Gen set,Diameter,Average distance,Bisection width,Connections
760,1 16 204,9,6.18972,442,2280
760,1 43 116,9,6.18972,320,2280
760,1 53 68,9,6.18972,244,2280
760,1 114 166,9,6.18972,562,2280
