Vertices,Gen set,Diameter,Average distance,Bisection width,Connections
769,1 36 119,9,6.20312,312,2307
769,1 52 84,9,6.20312,274,2307
769,1 235 281,9,6.20312,1034,2307
