Vertices,Gen set,Diameter,Average distance,BW,Connections
809,1 27 255,9,6.32178,566,2427
809,1 30 369,9,6.32178,800,2427
809,1 51 222,9,6.32178,548,2427
809,1 57 92,9,6.32178,300,2427
809,1 186 349,9,6.32178,1072,2427
809,1 215 361,9,6.32178,1154,2427
