Vertices,Gen set,Diameter,Average distance,BW,Connections
889,1 60 107,9,6.54955,336,2667
889,1 108 257,9,6.54955,732,2667
889,1 163 339,9,6.54955,1006,2667
