Vertices,Gen set,Diameter,Average distance,Bisection width,Connections
885,1 13 371,9,6.54299,770,2655
885,1 68 437,9,6.54299,1012,2655
885,1 229 322,9,6.54299,1104,2655
