Vertices,Gen set,Diameter,Average distance,BW,Connections
839,1 183 322,9,6.39857,1012,2517
839,1 185 295,9,6.39857,962,2517
839,1 298 310,9,6.39857,1218,2517
