Vertices,Gen set,Diameter,Average distance,BW,Connections
841,1 96 203,9,6.40476,600,2523
841,1 116 219,9,6.40476,672,2523
