Vertices,Gen set,Diameter,Average distance,BW,Connections
843,1 30 382,9,6.38242,826,2529
843,1 57 92,9,6.38242,300,2529
843,1 64 234,9,6.38242,598,2529
843,1 303 394,9,6.38242,1396,2529
