Vertices,Gen set,Diameter,Average distance,BW,Connections
880,1 50 89,9,6.53811,280,2640
880,1 265 402,9,6.53811,1336,2640
