Vertices,Gen set,Diameter,Average distance,BW,Connections
823,1 76 270,9,6.34063,694,2469
823,1 253 299,9,6.34063,1106,2469
823,1 278 379,9,6.34063,1316,2469
