Vertices,Gen set,Diameter,Average distance,BW,Connections
855,1 51 82,9,6.45433,268,2565
855,1 73 303,9,6.45433,754,2565
