Vertices,Gen set,Diameter,Average distance,Bisection width,Connections
883,1 12 369,9,6.53741,764,2649
883,1 13 370,9,6.53741,768,2649
883,1 67 79,9,6.53741,294,2649
883,1 68 436,9,6.53741,1010,2649
883,1 190 368,9,6.53741,1118,2649
883,1 241 389,9,6.53741,1262,2649
