Vertices,Gen set,Diameter,Average distance,Bisection width,Connections
821,1 52 84,9,6.34878,274,2463
821,1 157 303,9,6.34878,922,2463
821,1 251 300,9,6.34878,1104,2463
