Vertices,Gen set,Diameter,Average distance,BW,Connections
845,1 100 366,9,6.41706,934,2535
845,1 245 344,9,6.41706,1180,2535
