Vertices,Gen set,Diameter,Average distance,Bisection width,Connections
857,1 98 207,9,6.46262,612,2571
857,1 207 282,9,6.46262,980,2571
857,1 234 411,9,6.46262,1292,2571
