Vertices,Gen set,Diameter,Average distance,BW,Connections
859,1 41 394,9,6.48718,872,2577
859,1 158 419,9,6.48718,1156,2577
859,1 242 386,9,6.48718,1258,2577
