Vertices,Gen set,Diameter,Average distance,Bisection width,Connections
827,1 84 282,9,6.37046,734,2481
827,1 128 292,9,6.37046,842,2481
827,1 261 405,9,6.37046,1334,2481
