Vertices,Gen set,Diameter,Average distance,BW,Connections
806,1 121 176,9,6.29565,596,2418
806,1 148 393,9,6.29565,1084,2418
