Vertices,Gen set,Diameter,Average distance,BW,Connections
803,1 18 295,9,6.28928,628,2409
803,1 49 79,9,6.28928,258,2409
803,1 61 223,9,6.28928,570,2409
