Vertices,Gen set,Diameter,Average distance,BW,Connections
804,1 61 384,9,6.29639,892,2412
804,1 96 215,9,6.29639,624,2412
804,1 108 359,9,6.29639,936,2412
804,1 145 204,9,6.29639,700,2412
