Vertices,Gen set,Diameter,Average distance,BW,Connections
872,1 135 308,9,6.46958,888,2616
872,1 239 364,9,6.46958,1208,2616
