Vertices,Gen set,Diameter,Average distance,BW,Connections
844,1 28 385,9,6.40569,828,2532
844,1 57 92,9,6.40569,300,2532
