Vertices,Gen set,Diameter,Average distance,Bisection width,Connections
80,1 6 21,4,2.83544,56,240
80,1 6 22,4,2.83544,58,240
80,1 8 34,4,2.83544,86,240
80,1 10 37,4,2.83544,96,240
80,1 13 30,4,2.83544,88,240
80,1 13 36,4,2.83544,100,240
80,1 19 34,4,2.83544,108,240
80,1 28 37,4,2.83544,132,240
