Vertices,Gen set,Diameter,Average distance,Bisection width,Connections
869,1 48 404,9,6.46313,906,2607
869,1 64 344,9,6.46313,818,2607
869,1 114 258,9,6.46313,746,2607
