Vertices,Gen set,Diameter,Average distance,BW,Connections
891,1 123 232,9,6.55056,712,2673
891,1 265 372,9,6.55056,1276,2673
