Vertices,Gen set,Diameter,Average distance,BW,Connections
807,1 30 368,9,6.30521,798,2421
807,1 125 285,9,6.30521,822,2421
