Vertices,Gen set,Diameter,Average distance,BW,Connections
842,1 260 415,9,6.40547,1352,2526
842,1 324 351,9,6.40547,1352,2526
