Vertices,Gen set,Diameter,Average distance,BW,Connections
895,1 13 375,9,6.55257,778,2685
895,1 40 413,9,6.55257,908,2685
