Vertices,Gen set,Diameter,Average distance,Bisection width,Connections
812,1 20 247,9,6.32182,536,2436
812,1 128 198,9,6.32182,654,2436
812,1 263 388,9,6.32182,1304,2436
