Vertices,Gen set,Diameter,Average distance,BW,Connections
805,1 30 363,9,6.29104,788,2415
805,1 40 377,9,6.29104,836,2415
805,1 103 238,9,6.29104,684,2415
805,1 154 297,9,6.29104,904,2415
