Vertices,Gen set,Diameter,Average distance,Bisection width,Connections
871,1 55 89,9,6.50115,290,2613
871,1 95 255,9,6.50115,702,2613
871,1 137 304,9,6.50115,884,2613
