Vertices,Gen set,Diameter,Average distance,BW,Connections
875,1 199 420,9,6.51716,1240,2625
875,1 299 420,9,6.51716,1440,2625
