Vertices,Gen set,Diameter,Average distance,BW,Connections
838,1 244 413,9,6.40024,1316,2514
838,1 320 349,9,6.40024,1340,2514
