Vertices,Gen set,Diameter,Average distance,BW,Connections
865,1 52 93,9,6.46991,292,2595
865,1 93 354,9,6.46991,896,2595
865,1 183 281,9,6.46991,930,2595
