Vertices,Gen set,Diameter,Average distance,Bisection width,Connections
851,1 59 332,9,6.44471,784,2553
851,1 223 392,9,6.44471,1232,2553
851,1 254 375,9,6.44471,1260,2553
