Vertices,Gen set,Diameter,Average distance,BW,Connections
818,1 145 258,9,6.33537,808,2454
818,1 250 299,9,6.33537,1100,2454
