Vertices,Gen set,Diameter,Average distance,BW,Connections
877,1 30 388,9,6.52511,838,2631
877,1 104 380,9,6.52511,970,2631
877,1 165 312,9,6.52511,956,2631
