Vertices,Gen set,Diameter,Average distance,Bisection width,Connections
853,1 49 79,9,6.44836,258,2559
853,1 54 87,9,6.44836,284,2559
853,1 383 402,9,6.44836,1572,2559
