Vertices,Gen set,Diameter,Average distance,BW,Connections
830,1 126 367,9,6.36671,988,2490
830,1 147 262,9,6.36671,820,2490
