Vertices,Gen set,Diameter,Average distance,Bisection width,Connections
881,1 12 368,9,6.53182,762,2643
881,1 67 79,9,6.53182,294,2643
881,1 263 367,9,6.53182,1262,2643
