Vertices,Gen set,Diameter,Average distance,BW,Connections
876,1 36 407,9,6.52229,888,2628
876,1 312 325,9,6.52229,1276,2628
