Vertices,Gen set,Diameter,Average distance,Bisection width,Connections
833,1 39 129,9,6.35577,338,2499
833,1 226 349,9,6.35577,1152,2499
833,1 253 299,9,6.35577,1106,2499
