Vertices,Gen set,Diameter,Average distance,Bisection width,Connections
84,1 6 31,4,2.89157,76,252
84,1 7 18,4,2.89157,52,252
84,1 7 24,4,2.89157,64,252
84,1 9 30,4,2.89157,80,252
84,1 12 19,4,2.89157,64,252
84,1 12 33,4,2.89157,92,252
84,1 18 26,4,2.89157,90,252
84,1 19 30,4,2.89157,100,252
84,1 31 36,4,2.89157,136,252
