Vertices,Gen set,Diameter,Average distance,Bisection width,Connections
88,1 6 26,4,2.94253,66,264
88,1 7 26,4,2.94253,68,264
88,1 8 21,4,2.94253,60,264
88,1 8 34,4,2.94253,86,264
88,1 8 38,4,2.94253,94,264
88,1 11 18,4,2.94253,60,264
88,1 15 20,4,2.94253,72,264
88,1 18 28,4,2.94253,94,264
88,1 18 40,4,2.94253,118,264
88,1 23 36,4,2.94253,120,264
88,1 25 34,4,2.94253,120,264
88,1 26 40,4,2.94253,134,264
88,1 28 41,4,2.94253,140,264
