Vertices,Gen set,Diameter,Average distance,BW,Connections
854,1 93 250,9,6.43025,688,2562
854,1 101 370,9,6.43025,944,2562
