Vertices,Gen set,Diameter,Average distance,BW,Connections
887,1 73 86,9,6.54176,320,2661
887,1 243 390,9,6.54176,1268,2661
887,1 257 361,9,6.54176,1238,2661
