Vertices,Gen set,Diameter,Average distance,Bisection width,Connections
92,1 10 38,4,2.98901,98,276
92,1 11 28,4,2.98901,80,276
92,1 12 42,4,2.98901,110,276
92,1 14 19,4,2.98901,68,276
92,1 25 36,4,2.98901,124,276
92,1 29 38,4,2.98901,136,276
