Vertices,Gen set,Diameter,Average distance,Bisection width,Connections
94,1 6 26,4,3.01075,66,282
94,1 13 22,4,3.01075,72,282
94,1 20 29,4,3.01075,100,282
94,1 20 44,4,3.01075,130,282
94,1 30 44,4,3.01075,150,282
94,1 36 42,4,3.01075,158,282
