Vertices,Gen set,Diameter,Average distance,BW,Connections
943,1 13 145,9,6.69639,318,2829
943,1 13 169,9,6.69639,366,2829
943,1 145 279,9,6.69639,850,2829
