Vertices,Gen set,Diameter,Average distance,BW,Connections
963,1 126 425,9,6.72765,1104,2889
963,1 279 392,9,6.72765,1344,2889
