Vertices,Gen set,Diameter,Average distance,BW,Connections
958,1 200 473,9,6.71996,1348,2874
958,1 286 399,9,6.71996,1372,2874
