Vertices,Gen set,Diameter,Average distance,BW,Connections
922,1 39 144,10,6.59175,368,2766
922,1 280 331,10,6.59175,1224,2766
