Vertices,Gen set,Diameter,Average distance,BW,Connections
931,1 162 228,10,6.61935,782,2793
931,1 171 454,10,6.61935,1252,2793
