Vertices,Gen set,Diameter,Average distance,Bisection width,Connections
990,1 67 108,10,6.76138,352,2970
990,1 133 486,10,6.76138,1240,2970
990,1 362 486,10,6.76138,1698,2970
