Vertices,Gen set,Diameter,Average distance,BW,Connections
939,1 141 205,10,6.62687,694,2817
939,1 142 303,10,6.62687,892,2817
