Vertices,Gen set,Diameter,Average distance,BW,Connections
934,1 18 213,10,6.62487,464,2802
934,1 57 92,10,6.62487,300,2802
