Vertices,Gen set,Diameter,Average distance,BW,Connections
987,1 137 363,10,6.74848,1002,2961
987,1 317 408,10,6.74848,1452,2961
