Vertices,Gen set,Diameter,Average distance,BW,Connections
914,1 105 448,10,6.57065,1108,2742
914,1 248 383,10,6.57065,1264,2742
