Vertices,Gen set,Diameter,Average distance,Bisection width,Connections
911,1 63 231,10,6.58242,590,2733
911,1 173 201,10,6.58242,750,2733
911,1 188 300,10,6.58242,978,2733
911,1 196 416,10,6.58242,1226,2733
911,1 280 331,10,6.58242,1224,2733
911,1 281 330,10,6.58242,1224,2733
