Vertices,Gen set,Diameter,Average distance,Bisection width,Connections
96,1 6 37,4,3.03158,88,288
96,1 8 42,4,3.03158,102,288
96,1 11 18,4,3.03158,60,288
96,1 12 17,4,3.03158,60,288
96,1 13 18,4,3.03158,64,288
96,1 27 38,4,3.03158,132,288
96,1 35 42,4,3.03158,156,288
