Vertices,Gen set,Diameter,Average distance,Bisection width,Connections
98,1 7 36,4,3.05155,88,294
98,1 14 22,4,3.05155,74,294
98,1 36 42,4,3.05155,158,294
