Vertices,Gen set,Diameter,Average distance,BW,Connections
944,1 130 372,10,6.64369,1006,2832
944,1 133 174,10,6.64369,616,2832
944,1 291 342,10,6.64369,1268,2832
