Vertices,Gen set,Diameter,Average distance,BW,Connections
971,1 41 346,10,6.71753,776,2913
971,1 87 317,10,6.71753,810,2913
971,1 340 450,10,6.71753,1582,2913
