Vertices,Gen set,Diameter,Average distance,BW,Connections
961,1 67 79,9,6.72083,294,2883
961,1 73 86,9,6.72083,320,2883
961,1 257 459,9,6.72083,1434,2883
