Vertices,Gen set,Diameter,Average distance,BW,Connections
980,1 22 360,10,6.73442,766,2940
980,1 67 86,10,6.73442,308,2940
980,1 117 262,10,6.73442,760,2940
