Vertices,Gen set,Diameter,Average distance,BW,Connections
932,1 135 362,10,6.62943,996,2796
932,1 359 410,10,6.62943,1540,2796
