Vertices,Gen set,Diameter,Average distance,BW,Connections
956,1 154 357,10,6.67749,1024,2868
956,1 262 399,10,6.67749,1324,2868
