Vertices,Gen set,Diameter,Average distance,BW,Connections
967,1 71 91,10,6.70186,326,2901
967,1 83 286,10,6.70186,740,2901
967,1 85 233,10,6.70186,638,2901
