Vertices,Gen set,Diameter,Average distance,BW,Connections
933,1 15 167,9,6.68026,366,2799
933,1 123 257,9,6.68026,762,2799
