Vertices,Gen set,Diameter,Average distance,Bisection width,Connections
973,1 106 285,10,6.72222,784,2919
973,1 135 358,10,6.72222,988,2919
973,1 382 437,10,6.72222,1640,2919
