Vertices,Gen set,Diameter,Average distance,BW,Connections
960,1 73 86,9,6.71846,320,2880
960,1 263 422,9,6.71846,1372,2880
