Vertices,Gen set,Diameter,Average distance,BW,Connections
927,1 33 420,10,6.61123,908,2781
927,1 54 149,10,6.61123,408,2781
927,1 56 243,10,6.61123,600,2781
