Vertices,Gen set,Diameter,Average distance,Bisection width,Connections
97,1 7 36,4,3.04167,88,291
97,1 9 42,4,3.04167,104,291
97,1 14 19,4,3.04167,68,291
97,1 21 30,4,3.04167,104,291
97,1 35 46,4,3.04167,164,291
97,1 37 43,4,3.04167,162,291
