Vertices,Gen set,Diameter,Average distance,Bisection width,Connections
952,1 20 287,10,6.66562,616,2856
952,1 72 417,10,6.66562,980,2856
952,1 121 144,10,6.66562,532,2856
