Vertices,Gen set,Diameter,Average distance,BW,Connections
994,1 68 87,10,6.77442,312,2982
994,1 262 457,10,6.77442,1440,2982
