Vertices,Gen set,Diameter,Average distance,Bisection width,Connections
913,1 69 400,10,6.57675,940,2739
913,1 172 325,10,6.57675,996,2739
913,1 404 427,10,6.57675,1664,2739
