Vertices,Gen set,Diameter,Average distance,BW,Connections
962,1 13 402,9,6.72633,832,2886
962,1 300 351,9,6.72633,1304,2886
