Vertices,Gen set,Diameter,Average distance,BW,Connections
950,1 147 282,9,6.70706,860,2850
950,1 433 444,9,6.70706,1756,2850
