Vertices,Gen set,Diameter,Average distance,Bisection width,Connections
91,1 7 24,4,2.97778,64,273
91,1 9 22,4,2.97778,64,273
91,1 9 38,4,2.97778,96,273
91,1 10 16,4,2.97778,54,273
91,1 10 38,4,2.97778,98,273
91,1 12 17,4,2.97778,60,273
91,1 12 29,4,2.97778,84,273
91,1 16 40,4,2.97778,114,273
91,1 17 43,4,2.97778,122,273
91,1 19 42,4,2.97778,124,273
91,1 25 36,4,2.97778,124,273
91,1 26 35,4,2.97778,124,273
