Vertices,Gen set,Diameter,Average distance,BW,Connections
977,1 131 406,10,6.73156,1076,2931
977,1 179 376,10,6.73156,1112,2931
977,1 330 450,10,6.73156,1562,2931
