Vertices,Gen set,Diameter,Average distance,Bisection width,Connections
929,1 33 421,10,6.60129,910,2787
929,1 128 366,10,6.60129,990,2787
929,1 225 331,10,6.60129,1114,2787
