Vertices,Gen set,Diameter,Average distance,BW,Connections
976,1 173 308,10,6.71897,964,2928
976,1 299 348,10,6.71897,1296,2928
