Vertices,Gen set,Diameter,Average distance,BW,Connections
998,1 151 322,10,6.77533,948,2994
998,1 423 478,10,6.77533,1804,2994
