Vertices,Gen set,Diameter,Average distance,Bisection width,Connections
901,1 30 284,9,6.54667,630,2703
901,1 30 411,9,6.54667,884,2703
901,1 57 92,9,6.54667,300,2703
