Vertices,Gen set,Diameter,Average distance,Bisection width,Connections
90,1 6 37,4,2.96629,88,270
90,1 8 21,4,2.96629,60,270
90,1 8 39,4,2.96629,96,270
90,1 9 38,4,2.96629,96,270
90,1 10 24,4,2.96629,70,270
90,1 12 17,4,2.96629,60,270
90,1 12 19,4,2.96629,64,270
90,1 12 20,4,2.96629,66,270
90,1 19 42,4,2.96629,124,270
90,1 21 38,4,2.96629,120,270
90,1 24 35,4,2.96629,120,270
90,1 34 40,4,2.96629,150,270
