Vertices,Gen set,Diameter,Average distance,Bisection width,Connections
95,1 6 37,4,3.02128,88,285
95,1 13 18,4,3.02128,64,285
95,1 13 33,4,3.02128,94,285
95,1 14 23,4,3.02128,76,285
95,1 16 22,4,3.02128,78,285
95,1 20 44,4,3.02128,130,285
95,1 22 34,4,3.02128,114,285
95,1 35 41,4,3.02128,154,285
