Vertices,Gen set,Diameter,Average distance,BW,Connections
991,1 85 293,10,6.76364,758,2973
991,1 115 135,10,6.76364,502,2973
991,1 323 478,10,6.76364,1604,2973
