Vertices,Gen set,Diameter,Average distance,Bisection width,Connections
99,1 7 37,4,3.06122,90,297
99,1 8 43,4,3.06122,104,297
99,1 9 23,4,3.06122,66,297
99,1 9 38,4,3.06122,96,297
99,1 9 43,4,3.06122,106,297
99,1 10 24,4,3.06122,70,297
99,1 10 42,4,3.06122,106,297
99,1 13 18,4,3.06122,64,297
99,1 13 45,4,3.06122,118,297
99,1 14 23,4,3.06122,76,297
99,1 27 38,4,3.06122,132,297
