Vertices,Gen set,Diameter,Average distance,BW,Connections
947,1 32 333,10,6.65328,732,2841
947,1 40 148,10,6.65328,378,2841
947,1 71 91,10,6.65328,326,2841
