Vertices,Gen set,Diameter,Average distance,Bisection width,Connections
935,1 12 169,9,6.68308,364,2805
935,1 73 86,9,6.68308,320,2805
935,1 78 92,9,6.68308,342,2805
935,1 97 424,9,6.68308,1044,2805
935,1 333 347,9,6.68308,1362,2805
935,1 426 437,9,6.68308,1728,2805
