Vertices,Gen set,Diameter,Average distance,BW,Connections
919,1 145 224,10,6.58606,740,2757
919,1 160 225,10,6.58606,772,2757
919,1 290 450,10,6.58606,1482,2757
