Vertices,Gen set,Diameter,Average distance,BW,Connections
941,1 130 245,9,6.69787,752,2823
941,1 152 400,9,6.69787,1106,2823
941,1 169 327,9,6.69787,994,2823
