Vertices,Gen set,Diameter,Average distance,BW,Connections
983,1 18 266,10,6.75153,570,2949
983,1 85 436,10,6.75153,1044,2949
983,1 124 273,10,6.75153,796,2949
983,1 128 162,10,6.75153,582,2949
983,1 192 352,10,6.75153,1090,2949
983,1 358 377,10,6.75153,1472,2949
