Vertices,Gen set,Diameter,Average distance,BW,Connections
908,1 44 426,9,6.58986,942,2724
908,1 115 178,9,6.58986,588,2724
908,1 270 379,9,6.58986,1300,2724
