Vertices,Gen set,Diameter,Average distance,BW,Connections
949,1 12 145,9,6.70464,316,2847
949,1 67 79,9,6.70464,294,2847
949,1 72 85,9,6.70464,316,2847
949,1 78 92,9,6.70464,342,2847
949,1 104 196,9,6.70464,602,2847
