Vertices,Gen set,Diameter,Average distance,BW,Connections
945,1 55 152,10,6.64831,416,2835
945,1 143 305,10,6.64831,898,2835
