Vertices,Gen set,Diameter,Average distance,BW,Connections
948,1 12 145,9,6.70222,316,2844
948,1 13 170,9,6.70222,368,2844
948,1 72 85,9,6.70222,316,2844
948,1 73 86,9,6.70222,320,2844
