Vertices,Gen set,Diameter,Average distance,Bisection width,Connections
190,1 4 24 65 78,4,2.66667,344,950
190,1 10 46 70 87,4,2.66667,428,950
190,1 17 24 36 62,4,2.66667,280,950
190,1 18 70 80 83,4,2.66667,504,950
190,1 26 58 67 88,4,2.66667,480,950
