Vertices,Gen set,Diameter,Average distance,Bisection width,Connections
160,1 4 18 43 72,3,2.55975,276,800
160,1 10 15 42 48,3,2.55975,232,800
160,1 13 33 50 54,3,2.55975,302,800
160,1 19 42 50 63,3,2.55975,350,800
160,1 20 61 65 72,3,2.55975,438,800
160,1 21 60 72 75,3,2.55975,458,800
160,1 24 52 67 74,3,2.55975,436,800
160,1 34 45 66 74,3,2.55975,440,800
160,1 37 59 70 78,3,2.55975,490,800
160,1 55 60 70 78,3,2.55975,528,800
