Vertices,Gen set,Diameter,Average distance,Bisection width,Connections
256,1 4 19 67 112,4,2.89412,406,1280
256,1 10 16 58 103,4,2.89412,376,1280
256,1 15 48 84 107,4,2.89412,510,1280
256,1 17 27 48 108,4,2.89412,402,1280
256,1 74 87 102 112,4,2.89412,752,1280
