Vertices,Gen set,Diameter,Average distance,Bisection width,Connections
210,1 21 24 36 52,4,2.74163,268,1050
210,1 21 57 90 103,4,2.74163,544,1050
210,1 52 66 69 99,4,2.74163,574,1050
210,1 53 60 63 81,4,2.74163,516,1050
