Vertices,Gen set,Diameter,Average distance,Bisection width,Connections
230,1 4 29 80 93,4,2.80349,414,1150
230,1 16 27 90 111,4,2.80349,490,1150
230,1 17 42 47 80,4,2.80349,374,1150
230,1 19 30 44 65,4,2.80349,318,1150
230,1 34 45 50 109,4,2.80349,478,1150
