Vertices,Gen set,Diameter,Average distance,Bisection width,Connections
307,1 5 75 109 131,4,3.02614,642,1535
307,1 15 101 123 149,4,3.02614,778,1535
307,1 31 41 131 150,4,3.02614,708,1535
307,1 35 76 88 138,4,3.02614,676,1535
307,1 68 75 99 114,4,3.02614,714,1535
