Vertices,Gen set,Diameter,Average distance,Bisection width,Connections
48,1 4 8 10 23,2,1.78723,92,240
48,1 4 8 14 23,2,1.78723,100,240
48,1 4 10 13 20,2,1.78723,96,240
48,1 4 11 14 20,2,1.78723,100,240
48,1 5 7 16 19,2,1.78723,96,240
48,1 5 13 16 23,2,1.78723,116,240
48,1 6 10 20 23,2,1.78723,120,240
48,1 7 11 13 16,2,1.78723,96,240
48,1 11 16 19 23,2,1.78723,140,240
48,1 14 18 20 23,2,1.78723,152,240
