Vertices,Gen set,Diameter,Average distance,Bisection width,Connections
46,1 2 8 15 20,2,1.77778,92,230
46,1 2 9 14 20,2,1.77778,92,230
46,1 3 6 14 22,2,1.77778,92,230
46,1 3 8 16 20,2,1.77778,96,230
46,1 5 8 10 22,2,1.77778,92,230
46,1 5 8 16 18,2,1.77778,96,230
46,1 6 9 20 22,2,1.77778,116,230
46,1 10 15 18 22,2,1.77778,132,230
