Vertices,Gen set,Diameter,Average distance,Bisection width,Connections
52,1 2 6 16 25,3,1.84314,100,260
52,1 2 10 16 23,3,1.84314,104,260
52,1 4 8 14 25,3,1.84314,104,260
52,1 4 13 18 24,3,1.84314,120,260
52,1 5 13 14 16,3,1.84314,98,260
52,1 8 12 22 25,3,1.84314,136,260
52,1 9 12 14 18,3,1.84314,108,260
52,1 13 18 21 24,3,1.84314,154,260
