Vertices,Gen set,Diameter,Average distance,Bisection width,Connections
57,1 4 11 14 20,3,1.85714,100,285
57,1 4 13 16 23,3,1.85714,114,285
57,1 5 8 20 23,3,1.85714,114,285
57,1 5 14 17 25,3,1.85714,124,285
57,1 7 10 22 26,3,1.85714,132,285
