Vertices,Gen set,Diameter,Average distance,Bisection width,Connections
50,1 3 8 16 20,3,1.81633,96,250
50,1 3 8 18 19,3,1.81633,98,250
50,1 3 10 11 16,3,1.81633,82,250
50,1 3 10 13 18,3,1.81633,90,250
50,1 6 9 10 23,3,1.81633,98,250
50,1 6 14 17 23,3,1.81633,122,250
50,1 6 17 20 21,3,1.81633,130,250
50,1 10 14 17 22,3,1.81633,128,250
50,1 13 17 20 22,3,1.81633,146,250
50,1 13 18 21 22,3,1.81633,150,250
50,1 14 19 20 23,3,1.81633,154,250
