Vertices,Gen set,Diameter,Average distance,Bisection width,Connections
56,1 3 10 15 24,3,1.87273,106,280
56,1 5 8 19 22,3,1.87273,110,280
56,1 11 15 18 24,3,1.87273,138,280
