Vertices,Gen set,Diameter,Average distance,Bisection width,Connections
59,1 4 10 14 26,3,1.89655,110,295
59,1 4 14 18 25,3,1.89655,124,295
59,1 6 21 24 25,3,1.89655,154,295
59,1 15 21 25 26,3,1.89655,176,295
59,1 15 23 26 27,3,1.89655,184,295
