Vertices,Gen set,Diameter,Average distance,BW,Connections
64,1 4 10 16 23,3,1.96825,108,320
64,1 6 16 25 28,3,1.96825,152,320
64,1 10 14 17 22,3,1.96825,128,320
64,1 10 15 18 22,3,1.96825,132,320
