Vertices,Gen set,Diameter,Average distance,Bisection width,Connections
65,1 3 14 23 30,3,1.96875,142,325
65,1 4 10 17 29,3,1.96875,122,325
65,1 9 12 16 30,3,1.96875,136,325
65,1 9 23 25 29,3,1.96875,174,325
65,1 10 14 17 22,3,1.96875,128,325
65,1 17 23 27 30,3,1.96875,196,325
