Vertices,Gen set,Diameter,Average distance,Bisection width,Connections
69,1 4 13 19 29,3,1.97059,132,345
69,1 5 16 19 28,3,1.97059,138,345
69,1 7 16 19 29,3,1.97059,144,345
69,1 10 14 17 22,3,1.97059,128,345
69,1 13 22 29 32,3,1.97059,194,345
