Vertices,Gen set,Diameter,Average distance,Bisection width,Connections
66,1 4 10 18 25,3,1.98462,116,330
66,1 4 11 17 26,3,1.98462,118,330
66,1 5 13 16 23,3,1.98462,116,330
66,1 5 14 17 25,3,1.98462,124,330
66,1 5 17 26 29,3,1.98462,156,330
66,1 6 16 26 29,3,1.98462,156,330
66,1 7 10 25 29,3,1.98462,144,330
66,1 8 11 14 31,3,1.98462,130,330
66,1 8 13 19 23,3,1.98462,128,330
66,1 10 13 29 31,3,1.98462,168,330
66,1 14 23 25 31,3,1.98462,188,330
66,1 17 23 28 31,3,1.98462,200,330
