Vertices,Gen set,Diameter,Average distance,Bisection width,Connections
62,1 5 8 14 25,3,1.95082,106,310
62,1 5 8 22 25,3,1.95082,122,310
62,1 5 14 22 25,3,1.95082,134,310
62,1 6 9 20 29,3,1.95082,130,310
62,1 7 16 17 20,3,1.95082,122,310
62,1 10 11 15 28,3,1.95082,130,310
