Vertices,Gen set,Diameter,Average distance,Bisection width,Connections
63,1 4 14 20 26,3,1.93548,130,315
63,1 5 7 22 25,3,1.93548,120,315
63,1 5 14 17 25,3,1.93548,124,315
63,1 5 16 25 28,3,1.93548,150,315
63,1 6 14 17 27,3,1.93548,130,315
63,1 7 14 17 26,3,1.93548,130,315
63,1 9 14 26 30,3,1.93548,160,315
