Vertices,Gen set,Diameter,Average distance,Bisection width,Connections
70,1 6 9 20 33,3,1.98551,138,350
70,1 10 13 17 32,3,1.98551,146,350
70,1 10 24 27 31,3,1.98551,186,350
