Vertices,Gen set,Diameter,Average distance,Bisection width,Connections
199,1 19,10,6.66667,40,398
199,1 21,10,6.66667,44,398
199,1 37,10,6.66667,76,398
199,1 43,10,6.66667,88,398
