Vertices,Gen set,Diameter,Average distance,Bisection width,Connections
197,1 23,10,6.63265,48,394
197,1 35,10,6.63265,72,394
197,1 45,10,6.63265,92,394
197,1 60,10,6.63265,122,394
