Vertices,Gen set,Diameter,Average distance,Bisection width,Connections
163,1 17,9,6.03704,36,326
163,1 19,9,6.03704,40,326
163,1 48,9,6.03704,98,326
163,1 60,9,6.03704,122,326
