Vertices,Gen set,Diameter,Average distance,Bisection width,Connections
162,1 17,9,6.01863,36,324
162,1 19,9,6.01863,40,324
162,1 35,9,6.01863,72,324
162,1 37,9,6.01863,76,324
162,1 62,9,6.01863,126,324
162,1 71,9,6.01863,144,324
162,1 73,9,6.01863,148,324
