Vertices,Gen set,Diameter,Average distance,Bisection width,Connections
190,1 18,10,6.50794,38,380
190,1 20,10,6.50794,42,380
190,1 56,10,6.50794,114,380
190,1 58,10,6.50794,118,380
