Vertices,Gen set,Diameter,Average distance,Bisection width,Connections
127,1 15,8,5.33333,32,254
127,1 17,8,5.33333,36,254
127,1 29,8,5.33333,60,254
127,1 35,8,5.33333,72,254
