Vertices,Gen set,Diameter,Average distance,Bisection width,Connections
171,1 18,9,6.17647,38,342
171,1 20,9,6.17647,42,342
171,1 37,9,6.17647,76,342
171,1 39,9,6.17647,80,342
171,1 75,9,6.17647,152,342
171,1 77,9,6.17647,156,342
