Vertices,Gen set,Diameter,Average distance,Bisection width,Connections
131,1 20,8,5.41538,42,262
131,1 30,8,5.41538,62,262
131,1 48,8,5.41538,98,262
131,1 59,8,5.41538,120,262
