Vertices,Gen set,Diameter,Average distance,Bisection width,Connections
125,1 19,8,5.29032,40,250
125,1 27,8,5.29032,56,250
125,1 37,8,5.29032,76,250
125,1 46,8,5.29032,94,250
