Vertices,Gen set,Diameter,Average distance,Bisection width,Connections
153,1 16,9,5.84211,34,306
153,1 18,9,5.84211,38,306
153,1 33,9,5.84211,68,306
153,1 35,9,5.84211,72,306
153,1 67,9,5.84211,136,306
153,1 69,9,5.84211,140,306
