Vertices,Gen set,Diameter,Average distance,Bisection width,Connections
136,1 16,8,5.51111,34,272
136,1 18,8,5.51111,38,272
136,1 50,8,5.51111,102,272
136,1 52,8,5.51111,106,272
