Vertices,Gen set,Diameter,Average distance,Bisection width,Connections
105,1 14,7,4.84615,30,210
105,1 16,7,4.84615,34,210
105,1 29,7,4.84615,60,210
105,1 31,7,4.84615,64,210
105,1 44,7,4.84615,90,210
105,1 46,7,4.84615,94,210
