Vertices,Gen set,Diameter,Average distance,Bisection width,Connections
128,1 15,8,5.35433,32,256
128,1 17,8,5.35433,36,256
128,1 47,8,5.35433,96,256
128,1 49,8,5.35433,100,256
128,1 56,8,5.35433,114,256
