Vertices,Gen set,Diameter,Average distance,Bisection width,Connections
220,1 19,11,7.03196,40,440
220,1 21,11,7.03196,44,440
220,1 23,11,7.03196,48,440
220,1 39,11,7.03196,80,440
220,1 41,11,7.03196,84,440
220,1 59,11,7.03196,120,440
220,1 61,11,7.03196,124,440
220,1 65,11,7.03196,132,440
220,1 67,11,7.03196,136,440
220,1 79,11,7.03196,160,440
220,1 81,11,7.03196,164,440
220,1 99,11,7.03196,200,440
220,1 101,11,7.03196,204,440
