Vertices,Gen set,Diameter,Average distance,Bisection width,Connections
295,1 28,12,8.10884,58,590
295,1 69,12,8.10884,140,590
295,1 124,12,8.10884,250,590
295,1 137,12,8.10884,276,590
