Vertices,Gen set,Diameter,Average distance,Bisection width,Connections
200,1 19,10,6.68342,40,400
200,1 21,10,6.68342,44,400
200,1 59,10,6.68342,120,400
200,1 61,10,6.68342,124,400
200,1 90,10,6.68342,182,400
