Vertices,Gen set,Diameter,Average distance,Bisection width,Connections
293,1 46,12,8.08219,94,586
293,1 91,12,8.08219,184,586
293,1 121,12,8.08219,244,586
293,1 132,12,8.08219,266,586
