Vertices,Gen set,Diameter,Average distance,Bisection width,Connections
291,1 68,12,8.05517,138,582
291,1 107,12,8.05517,216,582
291,1 111,12,8.05517,224,582
