Vertices,Gen set,Diameter,Average distance,Bisection width,Connections
242,1 21,11,7.34855,44,484
242,1 23,11,7.34855,48,484
242,1 43,11,7.34855,88,484
242,1 45,11,7.34855,92,484
242,1 65,11,7.34855,132,484
242,1 67,11,7.34855,136,484
242,1 87,11,7.34855,176,484
242,1 89,11,7.34855,180,484
242,1 100,11,7.34855,202,484
242,1 109,11,7.34855,220,484
242,1 111,11,7.34855,224,484
