Vertices,Gen set,Diameter,Average distance,Bisection width,Connections
207,1 18,10,6.79612,38,414
207,1 61,10,6.79612,124,414
207,1 95,10,6.79612,192,414
