Vertices,Gen set,Diameter,Average distance,Bisection width,Connections
279,1 75,12,7.88489,152,558
279,1 85,12,7.88489,172,558
279,1 128,12,7.88489,258,558
