Vertices,Gen set,Diameter,Average distance,Bisection width,Connections
231,1 20,11,7.17391,42,462
231,1 22,11,7.17391,46,462
231,1 41,11,7.17391,84,462
231,1 43,11,7.17391,88,462
231,1 62,11,7.17391,126,462
231,1 64,11,7.17391,130,462
231,1 83,11,7.17391,168,462
231,1 85,11,7.17391,172,462
231,1 104,11,7.17391,210,462
231,1 106,11,7.17391,214,462
