Vertices,Gen set,Diameter,Average distance,Bisection width,Connections
243,1 21,11,7.36364,44,486
243,1 23,11,7.36364,48,486
243,1 74,11,7.36364,150,486
