Vertices,Gen set,Diameter,Average distance,Bisection width,Connections
203,1 36,10,6.73267,74,406
203,1 62,10,6.73267,126,406
203,1 73,10,6.73267,148,406
203,1 89,10,6.73267,180,406
