Vertices,Gen set,Diameter,Average distance,Bisection width,Connections
289,1 23,12,8.02778,48,578
289,1 25,12,8.02778,52,578
289,1 80,12,8.02778,162,578
289,1 88,12,8.02778,178,578
289,1 104,12,8.02778,210,578
289,1 112,12,8.02778,226,578
