Vertices,Gen set,Diameter,Average distance,Bisection width,Connections
253,1 22,11,7.50794,46,506
253,1 24,11,7.50794,50,506
253,1 45,11,7.50794,92,506
253,1 47,11,7.50794,96,506
253,1 68,11,7.50794,138,506
253,1 70,11,7.50794,142,506
253,1 91,11,7.50794,184,506
253,1 93,11,7.50794,188,506
253,1 114,11,7.50794,230,506
253,1 116,11,7.50794,234,506
