Vertices,Gen set,Diameter,Average distance,Bisection width,Connections
283,1 76,12,7.94326,154,566
283,1 104,12,7.94326,210,566
283,1 108,12,7.94326,218,566
283,1 117,12,7.94326,236,566
