Vertices,Gen set,Diameter,Average distance,Bisection width,Connections
285,1 27,12,7.97183,56,570
285,1 43,12,7.97183,88,570
285,1 53,12,7.97183,108,570
