Vertices,Gen set,Diameter,Average distance,Bisection width,Connections
288,1 23,12,8.01394,48,576
288,1 25,12,8.01394,52,576
288,1 119,12,8.01394,240,576
288,1 121,12,8.01394,244,576
288,1 132,12,8.01394,266,576
