Vertices,Gen set,Diameter,Average distance,Bisection width,Connections
205,1 24,10,6.76471,50,410
205,1 55,10,6.76471,112,410
205,1 94,10,6.76471,190,410
