Vertices,Gen set,Diameter,Average distance,Bisection width,Connections
269,1 50,12,7.73134,102,538
269,1 82,12,7.73134,166,538
269,1 113,12,7.73134,228,538
