Vertices,Gen set,Diameter,Average distance,Bisection width,Connections
397,1 52,14,9.40404,106,794
397,1 84,14,9.40404,170,794
397,1 105,14,9.40404,212,794
397,1 121,14,9.40404,244,794
