Vertices,Gen set,Diameter,Average distance,Bisection width,Connections
31,1 7,4,2.66667,16,62
31,1 9,4,2.66667,20,62
31,1 12,4,2.66667,26,62
31,1 13,4,2.66667,28,62
