Vertices,Gen set,Diameter,Average distance,Bisection width,Connections
393,1 27,14,9.35714,56,786
393,1 29,14,9.35714,60,786
393,1 122,14,9.35714,246,786
393,1 150,14,9.35714,302,786
