Vertices,Gen set,Diameter,Average distance,Bisection width,Connections
387,1 82,14,9.28497,166,774
387,1 118,14,9.28497,238,774
387,1 150,14,9.28497,302,774
