Vertices,Gen set,Diameter,Average distance,Bisection width,Connections
325,1 24,13,8.50617,50,650
325,1 26,13,8.50617,54,650
325,1 49,13,8.50617,100,650
325,1 51,13,8.50617,104,650
325,1 74,13,8.50617,150,650
325,1 76,13,8.50617,154,650
325,1 99,13,8.50617,200,650
325,1 101,13,8.50617,204,650
325,1 124,13,8.50617,250,650
325,1 126,13,8.50617,254,650
325,1 149,13,8.50617,300,650
325,1 151,13,8.50617,304,650
