Vertices,Gen set,Diameter,Average distance,Bisection width,Connections
392,1 27,14,9.34527,56,784
392,1 29,14,9.34527,60,784
392,1 83,14,9.34527,168,784
392,1 85,14,9.34527,172,784
392,1 139,14,9.34527,280,784
392,1 141,14,9.34527,284,784
392,1 182,14,9.34527,366,784
