Vertices,Gen set,Diameter,Average distance,Bisection width,Connections
300,1 24,12,8.17391,50,600
300,1 26,12,8.17391,54,600
300,1 124,12,8.17391,250,600
300,1 126,12,8.17391,254,600
