Vertices,Gen set,Diameter,Average distance,Bisection width,Connections
339,1 25,13,8.69231,52,678
339,1 27,13,8.69231,56,678
339,1 122,13,8.69231,246,678
