Vertices,Gen set,Diameter,Average distance,Bisection width,Connections
391,1 27,14,9.33333,56,782
391,1 29,14,9.33333,60,782
391,1 53,14,9.33333,108,782
391,1 59,14,9.33333,120,782
