Vertices,Gen set,Diameter,Average distance,Bisection width,Connections
378,1 26,14,9.17241,54,756
378,1 28,14,9.17241,58,756
378,1 80,14,9.17241,162,756
378,1 82,14,9.17241,166,756
378,1 134,14,9.17241,270,756
378,1 136,14,9.17241,274,756
