Vertices,Gen set,Diameter,Average distance,Bisection width,Connections
338,1 25,13,8.67953,52,676
338,1 27,13,8.67953,56,676
338,1 51,13,8.67953,104,676
338,1 53,13,8.67953,108,676
338,1 77,13,8.67953,156,676
338,1 79,13,8.67953,160,676
338,1 103,13,8.67953,208,676
338,1 105,13,8.67953,212,676
338,1 129,13,8.67953,260,676
338,1 131,13,8.67953,264,676
338,1 142,13,8.67953,286,676
338,1 155,13,8.67953,312,676
338,1 157,13,8.67953,316,676
