Vertices,Gen set,Diameter,Average distance,Bisection width,Connections
317,1 114,13,8.39241,230,634
317,1 121,13,8.39241,244,634
317,1 131,13,8.39241,264,634
