Vertices,Gen set,Diameter,Average distance,Bisection width,Connections
389,1 31,14,9.30928,64,778
389,1 51,14,9.30928,104,778
389,1 61,14,9.30928,124,778
389,1 138,14,9.30928,278,778
