Vertices,Gen set,Diameter,Average distance,Bisection width,Connections
381,1 89,14,9.21053,180,762
381,1 137,14,9.21053,276,762
381,1 177,14,9.21053,356,762
