Vertices,Gen set,Diameter,Average distance,Bisection width,Connections
406,1 28,14,9.50617,58,812
406,1 30,14,9.50617,62,812
406,1 86,14,9.50617,174,812
406,1 88,14,9.50617,178,812
406,1 144,14,9.50617,290,812
406,1 146,14,9.50617,294,812
