Vertices,Gen set,Diameter,Average distance,Bisection width,Connections
403,1 26,14,9.47264,54,806
403,1 145,14,9.47264,292,806
403,1 189,14,9.47264,380,806
