Vertices,Gen set,Diameter,Average distance,Bisection width,Connections
435,1 28,15,9.83871,58,870
435,1 30,15,9.83871,62,870
435,1 57,15,9.83871,116,870
435,1 59,15,9.83871,120,870
435,1 115,15,9.83871,232,870
435,1 117,15,9.83871,236,870
435,1 202,15,9.83871,406,870
435,1 204,15,9.83871,410,870
