Vertices,Gen set,Diameter,Average distance,Bisection width,Connections
55,1 10,5,3.51852,22,110
55,1 12,5,3.51852,26,110
55,1 21,5,3.51852,44,110
55,1 23,5,3.51852,48,110
