Vertices,Gen set,Diameter,Average distance,Bisection width,Connections
50,1 9,5,3.36735,20,100
50,1 11,5,3.36735,24,100
50,1 14,5,3.36735,30,100
50,1 19,5,3.36735,40,100
50,1 21,5,3.36735,44,100
