Vertices,Gen set,Diameter,Average distance,Bisection width,Connections
73,1 11,6,4.05556,24,146
73,1 13,6,4.05556,28,146
73,1 16,6,4.05556,34,146
73,1 20,6,4.05556,42,146
73,1 28,6,4.05556,58,146
73,1 32,6,4.05556,66,146
