Vertices,Gen set,Diameter,Average distance,Bisection width,Connections
98,1 13,7,4.69072,28,196
98,1 15,7,4.69072,32,196
98,1 27,7,4.69072,56,196
98,1 29,7,4.69072,60,196
98,1 36,7,4.69072,74,196
98,1 41,7,4.69072,84,196
98,1 43,7,4.69072,88,196
