Vertices,Gen set,Diameter,Average distance,Bisection width,Connections
91,1 12,7,4.51111,26,182
91,1 14,7,4.51111,30,182
91,1 25,7,4.51111,52,182
91,1 27,7,4.51111,56,182
91,1 38,7,4.51111,78,182
91,1 40,7,4.51111,82,182
