Vertices,Gen set,Diameter,Average distance,Bisection width,Connections
70,1 5 8 11 19 34,3,1.85507,156,420
70,1 5 8 19 22 34,3,1.85507,178,420
70,1 6 13 22 30 33,3,1.85507,210,420
70,1 11 12 16 19 25,3,1.85507,168,420
70,1 11 15 18 19 24,3,1.85507,176,420
70,1 11 15 18 24 32,3,1.85507,202,420
70,1 11 16 17 20 24,3,1.85507,178,420
70,1 11 17 20 24 32,3,1.85507,210,420
70,1 13 22 30 32 33,3,1.85507,262,420
70,1 19 22 27 30 34,3,1.85507,266,420
70,1 19 24 27 30 34,3,1.85507,270,420
