Vertices,Gen set,Diameter,Average distance,Bisection width,Connections
168,1 7 26 69,4,2.94611,206,672
168,1 9 23 58,4,2.94611,182,672
168,1 12 31 58,4,2.94611,204,672
168,1 12 33 40,4,2.94611,172,672
168,1 15 34 73,4,2.94611,246,672
168,1 16 25 54,4,2.94611,192,672
168,1 18 47 80,4,2.94611,292,672
168,1 33 44 72,4,2.94611,300,672
168,1 49 64 75,4,2.94611,378,672
168,1 60 65 74,4,2.94611,400,672
