Vertices,Gen set,Diameter,Average distance,Bisection width,Connections
163,1 6 21 66,4,2.91358,188,652
163,1 7 31 58,4,2.91358,194,652
163,1 9 31 56,4,2.91358,194,652
163,1 11 27 78,4,2.91358,234,652
163,1 14 32 38,4,2.91358,170,652
163,1 15 51 70,4,2.91358,274,652
163,1 16 21 77,4,2.91358,230,652
163,1 18 30 69,4,2.91358,236,652
163,1 21 26 35,4,2.91358,166,652
163,1 23 31 73,4,2.91358,256,652
163,1 36 59 76,4,2.91358,344,652
163,1 42 67 74,4,2.91358,368,652
