Vertices,Gen set,Diameter,Average distance,Bisection width,Connections
122,1 7 26 56,4,2.67769,180,488
122,1 8 35 56,4,2.67769,200,488
122,1 10 25 42,4,2.67769,156,488
122,1 11 17 42,4,2.67769,142,488
122,1 11 26 57,4,2.67769,190,488
122,1 11 38 52,4,2.67769,204,488
122,1 15 24 43,4,2.67769,166,488
122,1 24 39 52,4,2.67769,232,488
