Vertices,Gen set,Diameter,Average distance,Bisection width,Connections
119,1 7 26 36,4,2.66102,140,476
119,1 11 38 56,4,2.66102,212,476
119,1 14 32 38,4,2.66102,170,476
119,1 14 41 47,4,2.66102,206,476
119,1 29 49 54,4,2.66102,266,476
119,1 43 47 56,4,2.66102,294,476
