Vertices,Gen set,Diameter,Average distance,Bisection width,Connections
13,1 2 3 4,2,1.33333,20,52
13,1 2 3 5,2,1.33333,22,52
13,1 2 3 6,2,1.33333,24,52
13,1 2 4 5,2,1.33333,24,52
13,1 2 4 6,2,1.33333,26,52
13,1 2 5 6,2,1.33333,28,52
13,1 3 4 5,2,1.33333,26,52
13,1 3 4 6,2,1.33333,28,52
13,1 3 5 6,2,1.33333,30,52
13,1 4 5 6,2,1.33333,32,52
