Vertices,Gen set,Diameter,Average distance,Bisection width,Connections
141,1 6 22 58,4,2.78571,174,564
141,1 17 39 49,4,2.78571,212,564
141,1 23 32 51,4,2.78571,214,564
