Vertices,Gen set,Diameter,Average distance,Bisection width,Connections
134,1 4 25 39,4,2.75188,138,536
134,1 7 38 54,4,2.75188,200,536
134,1 8 29 62,4,2.75188,200,536
134,1 9 50 55,4,2.75188,230,536
134,1 15 21 54,4,2.75188,182,536
134,1 16 28 37,4,2.75188,164,536
134,1 19 46 52,4,2.75188,236,536
134,1 23 32 59,4,2.75188,230,536
134,1 35 48 55,4,2.75188,278,536
134,1 39 51 60,4,2.75188,302,536
