Vertices,Gen set,Diameter,Average distance,Bisection width,Connections
151,1 4 23 56,4,2.85333,168,604
151,1 9 33 46,4,2.85333,178,604
151,1 14 32 38,4,2.85333,170,604
151,1 54 62 67,4,2.85333,368,604
