Vertices,Gen set,Diameter,Average distance,Bisection width,Connections
102,1 7 26 36,4,2.54455,140,408
102,1 17 24 45,4,2.54455,174,408
102,1 24 29 40,4,2.54455,188,408
