Vertices,Gen set,Diameter,Average distance,Bisection width,Connections
166,1 7 18 63,4,2.93333,178,664
166,1 7 26 68,4,2.93333,204,664
166,1 8 34 46,4,2.93333,178,664
166,1 8 37 49,4,2.93333,190,664
166,1 9 50 71,4,2.93333,262,664
166,1 9 57 72,4,2.93333,278,664
166,1 10 61 67,4,2.93333,278,664
166,1 14 20 71,4,2.93333,212,664
166,1 24 29 37,4,2.93333,182,664
166,1 24 57 68,4,2.93333,300,664
166,1 52 67 74,4,2.93333,388,664
