Vertices,Gen set,Diameter,Average distance,Bisection width,Connections
108,1 8 21 48,4,2.57944,156,432
108,1 13 21 38,4,2.57944,146,432
108,1 15 22 25,4,2.57944,126,432
