Vertices,Gen set,Diameter,Average distance,Bisection width,Connections
162,1 7 34 72,4,2.90683,228,648
162,1 23 28 36,4,2.90683,176,648
162,1 32 52 69,4,2.90683,308,648
