Vertices,Gen set,Diameter,Average distance,Bisection width,Connections
105,1 7 33 43,4,2.55769,168,420
105,1 9 22 49,4,2.55769,162,420
105,1 16 20 27,4,2.55769,128,420
105,1 18 25 46,4,2.55769,180,420
105,1 25 36 42,4,2.55769,208,420
