Vertices,Gen set,Diameter,Average distance,Bisection width,Connections
154,1 12 54 61,4,2.87582,256,616
154,1 18 32 42,4,2.87582,186,616
154,1 20 53 64,4,2.87582,276,616
