Vertices,Gen set,Diameter,Average distance,Bisection width,Connections
144,1 5 38 60,4,2.82517,208,576
144,1 6 26 35,4,2.82517,136,576
144,1 12 29 50,4,2.82517,184,576
144,1 27 50 62,4,2.82517,280,576
144,1 37 46 66,4,2.82517,300,576
144,1 51 60 64,4,2.82517,352,576
