Vertices,Gen set,Diameter,Average distance,Bisection width,Connections
133,1 7 19 55,4,2.75758,164,532
133,1 14 38 46,4,2.75758,198,532
133,1 19 29 63,4,2.75758,224,532
133,1 19 54 65,4,2.75758,278,532
133,1 26 35 57,4,2.75758,238,532
133,1 32 48 57,4,2.75758,276,532
133,1 36 45 57,4,2.75758,278,532
