Vertices,Gen set,Diameter,Average distance,Bisection width,Connections
107,1 4 18 47,4,2.56604,140,428
107,1 6 24 39,4,2.56604,140,428
107,1 11 41 50,4,2.56604,206,428
107,1 15 27 49,4,2.56604,184,428
