Vertices,Gen set,Diameter,Average distance,Bisection width,Connections
125,1 9 20 34,4,2.69355,128,500
125,1 11 26 30,4,2.69355,136,500
125,1 14 24 30,4,2.69355,138,500
