Vertices,Gen set,Diameter,Average distance,Bisection width,Connections
131,1 4 24 38,4,2.72308,134,524
131,1 6 33 56,4,2.72308,192,524
131,1 7 31 42,4,2.72308,162,524
131,1 22 53 60,4,2.72308,272,524
