Vertices,Gen set,Diameter,Average distance,Bisection width,Connections
103,1 4 16 42,4,2.54902,126,412
103,1 4 24 38,4,2.54902,134,412
103,1 4 26 41,4,2.54902,144,412
103,1 5 20 27,4,2.54902,106,412
103,1 6 26 42,4,2.54902,150,412
103,1 7 17 30,4,2.54902,110,412
103,1 8 27 45,4,2.54902,162,412
103,1 13 33 42,4,2.54902,178,412
103,1 16 20 25,4,2.54902,124,412
103,1 19 27 44,4,2.54902,182,412
103,1 26 36 45,4,2.54902,216,412
103,1 27 36 42,4,2.54902,212,412
