Vertices,Gen set,Diameter,Average distance,Bisection width,Connections
143,1 9 31 46,4,2.80282,174,572
143,1 9 34 47,4,2.80282,182,572
143,1 10 28 34,4,2.80282,146,572
143,1 14 21 46,4,2.80282,164,572
143,1 16 21 67,4,2.80282,210,572
143,1 16 28 37,4,2.80282,164,572
143,1 32 43 60,4,2.80282,272,572
143,1 51 58 70,4,2.80282,360,572
