Vertices,Gen set,Diameter,Average distance,Bisection width,Connections
155,1 4 18 63,4,2.88312,172,620
155,1 4 30 44,4,2.88312,158,620
155,1 11 39 70,4,2.88312,242,620
155,1 14 50 74,4,2.88312,278,620
155,1 17 43 74,4,2.88312,270,620
155,1 23 39 73,4,2.88312,272,620
155,1 27 32 44,4,2.88312,208,620
