Vertices,Gen set,Diameter,Average distance,Bisection width,Connections
165,1 11 18 60,4,2.92683,180,660
165,1 15 35 77,4,2.92683,256,660
165,1 17 30 40,4,2.92683,176,660
165,1 20 25 78,4,2.92683,248,660
165,1 40 48 65,4,2.92683,308,660
165,1 60 68 80,4,2.92683,418,660
