Vertices,Gen set,Diameter,Average distance,Bisection width,Connections
135,1 15 20 63,4,2.76119,198,540
135,1 16 28 37,4,2.76119,164,540
135,1 19 47 62,4,2.76119,258,540
135,1 23 32 59,4,2.76119,230,540
135,1 38 53 64,4,2.76119,312,540
