Vertices,Gen set,Diameter,Average distance,Bisection width,Connections
159,1 5 27 70,4,2.89873,206,636
159,1 6 33 56,4,2.89873,192,636
159,1 14 32 69,4,2.89873,232,636
159,1 25 34 39,4,2.89873,198,636
159,1 42 51 71,4,2.89873,330,636
