Vertices,Gen set,Diameter,Average distance,Bisection width,Connections
157,1 11 29 54,4,2.87179,190,628
157,1 14 32 38,4,2.87179,170,628
157,1 56 65 70,4,2.87179,384,628
157,1 57 62 74,4,2.87179,388,628
