Vertices,Gen set,Diameter,Average distance,Bisection width,Connections
170,1 7 40 63,4,2.95858,222,680
170,1 7 49 76,4,2.95858,266,680
170,1 7 62 73,4,2.95858,286,680
170,1 8 35 47,4,2.95858,182,680
170,1 9 30 73,4,2.95858,226,680
170,1 12 55 76,4,2.95858,288,680
170,1 16 28 37,4,2.95858,164,680
170,1 19 27 60,4,2.95858,214,680
170,1 23 28 36,4,2.95858,176,680
170,1 30 48 53,4,2.95858,264,680
170,1 36 47 55,4,2.95858,278,680
170,1 44 70 77,4,2.95858,384,680
170,1 59 64 73,4,2.95858,394,680
