Vertices,Gen set,Diameter,Average distance,Bisection width,Connections
109,1 6 28 43,4,2.59259,156,436
109,1 8 21 35,4,2.59259,130,436
109,1 10 26 38,4,2.59259,150,436
109,1 11 18 41,4,2.59259,142,436
109,1 14 24 30,4,2.59259,138,436
109,1 15 21 40,4,2.59259,154,436
109,1 26 46 50,4,2.59259,246,436
109,1 29 39 45,4,2.59259,228,436
