Vertices,Gen set,Diameter,Average distance,Bisection width,Connections
149,1 4 18 60,4,2.83784,166,596
149,1 9 24 60,4,2.83784,188,596
149,1 10 45 72,4,2.83784,256,596
149,1 15 37 70,4,2.83784,246,596
149,1 19 31 72,4,2.83784,246,596
149,1 33 43 47,4,2.83784,248,596
149,1 52 60 72,4,2.83784,370,596
149,1 53 58 66,4,2.83784,356,596
