Vertices,Gen set,Diameter,Average distance,Bisection width,Connections
146,1 6 45 65,4,2.82759,234,584
146,1 9 33 54,4,2.82759,194,584
146,1 12 54 59,4,2.82759,252,584
146,1 13 31 68,4,2.82759,226,584
146,1 20 47 56,4,2.82759,248,584
