Vertices,Gen set,Diameter,Average distance,Bisection width,Connections
164,1 7 40 64,4,2.92025,224,656
164,1 8 20 65,4,2.92025,188,656
164,1 11 50 69,4,2.92025,262,656
164,1 15 51 70,4,2.92025,274,656
164,1 19 34 45,4,2.92025,198,656
164,1 47 56 76,4,2.92025,360,656
164,1 53 68 76,4,2.92025,396,656
