Vertices,Gen set,Diameter,Average distance,Bisection width,Connections
147,1 7 24 60,4,2.83562,184,588
147,1 8 45 71,4,2.83562,250,588
147,1 12 43 70,4,2.83562,252,588
147,1 18 29 62,4,2.83562,220,588
147,1 24 55 64,4,2.83562,288,588
147,1 30 65 72,4,2.83562,336,588
147,1 41 51 70,4,2.83562,326,588
147,1 52 57 69,4,2.83562,358,588
