Vertices,Gen set,Diameter,Average distance,Bisection width,Connections
244,1 16 37 108,5,3.29218,324,976
244,1 24 56 91,5,3.29218,344,976
244,1 29 84 96,5,3.29218,420,976
244,1 33 40 96,5,3.29218,340,976
244,1 48 59 112,5,3.29218,440,976
244,1 56 64 101,5,3.29218,444,976
