Vertices,Gen set,Diameter,Average distance,Bisection width,Connections
236,1 13 45 54,5,3.25532,226,944
236,1 14 51 109,5,3.25532,350,944
236,1 21 37 46,5,3.25532,210,944
