Vertices,Gen set,Diameter,Average distance,Bisection width,Connections
299,1 9 33 87,5,3.48322,260,1196
299,1 11 37 90,5,3.48322,278,1196
299,1 19 51 136,5,3.48322,414,1196
299,1 21 55 103,5,3.48322,360,1196
299,1 57 109 145,5,3.48322,624,1196
299,1 59 97 129,5,3.48322,572,1196
299,1 63 76 103,5,3.48322,486,1196
299,1 90 96 133,5,3.48322,640,1196
