Vertices,Gen set,Diameter,Average distance,BW,Connections
284,1 15 52 137,5,3.43463,410,1136
284,1 19 47 136,5,3.43463,406,1136
284,1 21 58 70,5,3.43463,300,1136
284,1 27 98 138,5,3.43463,528,1136
284,1 35 56 65,5,3.43463,314,1136
284,1 65 83 104,5,3.43463,506,1136
284,1 73 83 112,5,3.43463,538,1136
284,1 85 124 139,5,3.43463,698,1136
