Vertices,Gen set,Diameter,Average distance,Bisection width,Connections
290,1 8 51 71,5,3.45329,262,1160
290,1 49 102 111,5,3.45329,526,1160
290,1 81 91 142,5,3.45329,630,1160
