Vertices,Gen set,Diameter,Average distance,Bisection width,Connections
240,1 19 42 49,5,3.27615,222,960
240,1 29 49 102,5,3.27615,362,960
240,1 47 56 76,5,3.27615,360,960
240,1 68 88 97,5,3.27615,508,960
240,1 78 91 101,5,3.27615,542,960
