Vertices,Gen set,Diameter,Average distance,BW,Connections
268,1 19 32 130,5,3.37453,364,1072
268,1 44 106 127,5,3.37453,556,1072
