Vertices,Gen set,Diameter,Average distance,Bisection width,Connections
278,1 9 33 120,5,3.40794,326,1112
278,1 25 59 130,5,3.40794,430,1112
278,1 31 89 106,5,3.40794,454,1112
