Vertices,Gen set,Diameter,Average distance,BW,Connections
291,1 8 45 116,5,3.45517,340,1164
291,1 20 33 143,5,3.45517,394,1164
291,1 20 50 56,5,3.45517,254,1164
291,1 26 62 136,5,3.45517,450,1164
291,1 42 109 131,5,3.45517,566,1164
291,1 61 131 143,5,3.45517,672,1164
291,1 64 92 116,5,3.45517,546,1164
