Vertices,Gen set,Diameter,Average distance,Bisection width,Connections
295,1 6 36 119,5,3.46259,324,1180
295,1 6 49 69,5,3.46259,250,1180
295,1 41 49 136,5,3.46259,454,1180
295,1 119 124 141,5,3.46259,770,1180
