Vertices,Gen set,Diameter,Average distance,BW,Connections
255,1 10 47 90,5,3.33071,296,1020
255,1 38 105 125,5,3.33071,538,1020
