Vertices,Gen set,Diameter,Average distance,BW,Connections
279,1 33 96 110,5,3.41007,480,1116
279,1 60 84 104,5,3.41007,498,1116
