Vertices,Gen set,Diameter,Average distance,BW,Connections
286,1 12 67 106,5,3.43509,372,1144
286,1 40 98 111,5,3.43509,500,1144
