Vertices,Gen set,Diameter,Average distance,Bisection width,Connections
224,1 11 41 58,4,3.21076,222,896
224,1 18 46 77,4,3.21076,284,896
224,1 28 96 109,4,3.21076,468,896
224,1 32 37 84,4,3.21076,308,896
224,1 37 46 61,4,3.21076,290,896
224,1 71 86 109,4,3.21076,534,896
