Vertices,Gen set,Diameter,Average distance,Bisection width,Connections
228,1 9 32 80,4,3.22467,244,912
228,1 24 81 110,4,3.22467,432,912
228,1 31 56 69,4,3.22467,314,912
228,1 39 68 103,4,3.22467,422,912
