Vertices,Gen set,Diameter,Average distance,BW,Connections
271,1 13 60 127,5,3.39259,402,1084
271,1 23 32 126,5,3.39259,364,1084
271,1 38 93 105,5,3.39259,474,1084
271,1 59 80 123,5,3.39259,526,1084
271,1 76 107 124,5,3.39259,616,1084
271,1 77 106 131,5,3.39259,630,1084
271,1 82 102 130,5,3.39259,630,1084
271,1 88 114 125,5,3.39259,656,1084
