Vertices,Gen set,Diameter,Average distance,Bisection width,Connections
273,1 10 35 93,5,3.39706,278,1092
273,1 14 63 102,5,3.39706,360,1092
273,1 15 25 93,5,3.39706,268,1092
273,1 18 82 133,5,3.39706,468,1092
273,1 19 52 96,5,3.39706,336,1092
273,1 26 58 69,5,3.39706,308,1092
273,1 26 115 120,5,3.39706,524,1092
273,1 54 102 131,5,3.39706,576,1092
273,1 60 80 104,5,3.39706,490,1092
