Vertices,Gen set,Diameter,Average distance,Bisection width,Connections
226,1 7 32 87,4,3.21778,254,904
226,1 13 36 91,4,3.21778,282,904
226,1 15 37 108,4,3.21778,322,904
226,1 15 38 103,4,3.21778,314,904
226,1 15 68 110,4,3.21778,388,904
226,1 55 64 79,4,3.21778,398,904
226,1 60 77 97,4,3.21778,470,904
