Vertices,Gen set,Diameter,Average distance,BW,Connections
283,1 10 45 117,5,3.42553,346,1132
283,1 17 40 128,5,3.42553,372,1132
283,1 18 42 135,5,3.42553,392,1132
283,1 19 50 109,5,3.42553,358,1132
283,1 40 85 137,5,3.42553,526,1132
283,1 44 54 126,5,3.42553,450,1132
283,1 92 104 131,5,3.42553,656,1132
283,1 92 110 134,5,3.42553,674,1132
