Vertices,Gen set,Diameter,Average distance,Bisection width,Connections
225,1 6 29 91,4,3.21429,254,900
225,1 6 41 99,4,3.21429,294,900
225,1 11 36 66,4,3.21429,228,900
225,1 21 35 108,4,3.21429,330,900
225,1 31 39 104,4,3.21429,350,900
225,1 35 43 100,4,3.21429,358,900
225,1 50 68 95,4,3.21429,428,900
225,1 84 89 106,4,3.21429,560,900
