Vertices,Gen set,Diameter,Average distance,Bisection width,Connections
287,1 11 39 97,5,3.44056,296,1148
287,1 15 54 103,5,3.44056,346,1148
287,1 26 61 134,5,3.44056,444,1148
287,1 28 66 107,5,3.44056,404,1148
287,1 59 70 124,5,3.44056,508,1148
287,1 70 81 100,5,3.44056,504,1148
287,1 71 80 101,5,3.44056,506,1148
