Vertices,Gen set,Diameter,Average distance,BW,Connections
250,1 8 51 71,5,3.31325,262,1000
250,1 21 49 108,5,3.31325,358,1000
250,1 29 99 108,5,3.31325,474,1000
250,1 48 69 81,5,3.31325,398,1000
250,1 71 92 101,5,3.31325,530,1000
250,1 81 102 119,5,3.31325,606,1000
