Vertices,Gen set,Diameter,Average distance,Bisection width,Connections
259,1 13 33 88,5,3.34109,270,1036
259,1 20 53 117,5,3.34109,382,1036
259,1 31 89 102,5,3.34109,446,1036
259,1 32 44 103,5,3.34109,360,1036
