Vertices,Gen set,Diameter,Average distance,Bisection width,Connections
292,1 11 51 108,5,3.46735,342,1168
292,1 25 36 68,5,3.46735,260,1168
292,1 26 46 57,5,3.46735,260,1168
292,1 35 44 92,5,3.46735,344,1168
292,1 41 102 134,5,3.46735,556,1168
292,1 53 75 116,5,3.46735,490,1168
292,1 63 88 109,5,3.46735,522,1168
