Vertices,Gen set,Diameter,Average distance,BW,Connections
293,1 43 74 138,5,3.46575,512,1172
293,1 99 109 138,5,3.46575,694,1172
