Vertices,Gen set,Diameter,Average distance,Bisection width,Connections
249,1 6 44 71,5,3.30645,244,996
249,1 7 42 59,5,3.30645,218,996
249,1 17 38 102,5,3.30645,316,996
