Vertices,Gen set,Diameter,Average distance,BW,Connections
261,1 11 46 63,5,3.35385,242,1044
261,1 17 27 74,5,3.35385,238,1044
261,1 18 67 95,5,3.35385,362,1044
261,1 45 71 105,5,3.35385,444,1044
261,1 75 117 125,5,3.35385,636,1044
