Vertices,Gen set,Diameter,Average distance,BW,Connections
275,1 9 56 78,5,3.40146,288,1100
275,1 12 40 73,5,3.40146,252,1100
275,1 19 113 120,5,3.40146,506,1100
275,1 23 29 95,5,3.40146,296,1100
275,1 53 67 98,5,3.40146,438,1100
275,1 54 64 87,5,3.40146,412,1100
275,1 61 83 116,5,3.40146,522,1100
