Vertices,Gen set,Diameter,Average distance,BW,Connections
264,1 11 76 107,5,3.35741,390,1056
264,1 37 92 121,5,3.35741,502,1056
