Vertices,Gen set,Diameter,Average distance,BW,Connections
254,1 20 88 101,5,3.32806,420,1016
254,1 62 83 118,5,3.32806,528,1016
