Vertices,Gen set,Diameter,Average distance,Bisection width,Connections
241,1 5 44 70,4,3.30833,240,964
241,1 14 48 57,4,3.30833,240,964
241,1 31 82 86,4,3.30833,400,964
241,1 93 97 115,4,3.30833,612,964
