Vertices,Gen set,Diameter,Average distance,Bisection width,Connections
227,1 13 45 54,4,3.22124,226,908
227,1 14 35 74,4,3.22124,248,908
227,1 21 37 46,4,3.22124,210,908
227,1 81 92 111,4,3.22124,570,908
