Vertices,Gen set,Diameter,Average distance,BW,Connections
297,1 32 84 144,5,3.47973,522,1188
297,1 60 84 112,5,3.47973,514,1188
297,1 61 75 96,5,3.47973,466,1188
297,1 65 114 144,5,3.47973,648,1188
