Vertices,Gen set,Diameter,Average distance,Bisection width,Connections
294,1 33 116 140,5,3.46075,580,1176
294,1 105 119 144,5,3.46075,738,1176
