Vertices,Gen set,Diameter,Average distance,BW,Connections
381,1 27 47 132,5,3.71579,414,1524
381,1 33 135 154,5,3.71579,646,1524
