Vertices,Gen set,Diameter,Average distance,BW,Connections
353,1 9 91 138,5,3.65341,478,1412
353,1 14 93 128,5,3.65341,472,1412
353,1 15 55 145,5,3.65341,432,1412
353,1 20 128 142,5,3.65341,582,1412
353,1 25 87 160,5,3.65341,546,1412
353,1 47 108 114,5,3.65341,540,1412
353,1 53 77 113,5,3.65341,488,1412
353,1 55 91 139,5,3.65341,572,1412
353,1 56 97 134,5,3.65341,576,1412
353,1 69 110 126,5,3.65341,612,1412
353,1 77 96 131,5,3.65341,610,1412
353,1 133 157 167,5,3.65341,916,1412
