Vertices,Gen set,Diameter,Average distance,Bisection width,Connections
365,1 11 69 96,5,3.67582,354,1460
365,1 14 89 109,5,3.67582,426,1460
365,1 19 149 156,5,3.67582,650,1460
365,1 21 49 164,5,3.67582,470,1460
365,1 26 86 124,5,3.67582,474,1460
365,1 41 89 156,5,3.67582,574,1460
365,1 41 144 174,5,3.67582,720,1460
365,1 124 139 166,5,3.67582,860,1460
