Vertices,Gen set,Diameter,Average distance,BW,Connections
391,1 6 41 139,5,3.74872,374,1564
391,1 20 106 135,5,3.74872,524,1564
391,1 32 38 124,5,3.74872,390,1564
391,1 42 65 72,5,3.74872,360,1564
391,1 45 110 121,5,3.74872,554,1564
391,1 84 89 116,5,3.74872,580,1564
391,1 91 112 176,5,3.74872,760,1564
391,1 123 166 192,5,3.74872,964,1564
