Vertices,Gen set,Diameter,Average distance,BW,Connections
344,1 15 36 141,5,3.62099,386,1376
344,1 23 140 147,5,3.62099,622,1376
344,1 32 57 162,5,3.62099,504,1376
344,1 61 117 132,5,3.62099,622,1376
344,1 96 142 169,5,3.62099,816,1376
