Vertices,Gen set,Diameter,Average distance,Bisection width,Connections
395,1 6 56 91,5,3.75127,308,1580
395,1 14 51 134,5,3.75127,400,1580
395,1 31 39 191,5,3.75127,524,1580
395,1 66 81 141,5,3.75127,578,1580
