Vertices,Gen set,Diameter,Average distance,BW,Connections
389,1 7 60 146,5,3.74742,428,1556
389,1 8 56 91,5,3.74742,312,1556
389,1 47 111 132,5,3.74742,582,1556
389,1 149 171 188,5,3.74742,1018,1556
