Vertices,Gen set,Diameter,Average distance,Bisection width,Connections
32,1 2 8 13,2,1.74194,48,128
32,1 4 6 15,2,1.74194,52,128
32,1 4 10 15,2,1.74194,60,128
32,1 5 8 10,2,1.74194,48,128
32,1 6 7 10,2,1.74194,48,128
32,1 6 9 10,2,1.74194,52,128
