Vertices,Gen set,Diameter,Average distance,BW,Connections
383,1 16 36 170,5,3.73298,446,1532
383,1 24 98 133,5,3.73298,512,1532
383,1 26 43 117,5,3.73298,374,1532
383,1 72 162 187,5,3.73298,844,1532
