Vertices,Gen set,Diameter,Average distance,BW,Connections
333,1 7 53 125,5,3.58434,372,1332
333,1 8 56 91,5,3.58434,312,1332
333,1 25 44 161,5,3.58434,462,1332
333,1 40 95 113,5,3.58434,498,1332
