Vertices,Gen set,Diameter,Average distance,Bisection width,Connections
331,1 34 80 153,5,3.58182,536,1324
331,1 37 106 126,5,3.58182,540,1324
331,1 95 146 161,5,3.58182,806,1324
331,1 108 120 155,5,3.58182,768,1324
