Vertices,Gen set,Diameter,Average distance,Bisection width,Connections
36,1 2 9 15,3,1.82857,54,144
36,1 4 7 17,3,1.82857,58,144
36,1 4 9 15,3,1.82857,58,144
36,1 4 10 17,3,1.82857,64,144
36,1 4 11 17,3,1.82857,66,144
36,1 5 8 17,3,1.82857,62,144
36,1 5 9 12,3,1.82857,54,144
36,1 5 13 16,3,1.82857,70,144
36,1 6 9 16,3,1.82857,64,144
36,1 7 9 12,3,1.82857,58,144
36,1 7 11 16,3,1.82857,70,144
36,1 8 13 17,3,1.82857,78,144
36,1 10 14 17,3,1.82857,84,144
