Vertices,Gen set,Diameter,Average distance,Bisection width,Connections
367,1 6 84 131,5,3.68852,444,1468
367,1 12 56 152,5,3.68852,442,1468
367,1 14 61 83,5,3.68852,318,1468
367,1 14 75 84,5,3.68852,348,1468
367,1 26 59 160,5,3.68852,492,1468
367,1 39 87 99,5,3.68852,452,1468
367,1 72 124 136,5,3.68852,666,1468
367,1 74 155 177,5,3.68852,814,1468
367,1 83 131 137,5,3.68852,704,1468
367,1 127 135 153,5,3.68852,832,1468
367,1 129 161 170,5,3.68852,922,1468
367,1 141 158 165,5,3.68852,930,1468
