Vertices,Gen set,Diameter,Average distance,Bisection width,Connections
357,1 25 147 156,5,3.66292,658,1428
357,1 60 68 105,5,3.66292,468,1428
357,1 63 100 108,5,3.66292,544,1428
