Vertices,Gen set,Diameter,Average distance,BW,Connections
396,1 6 122 178,5,3.76456,614,1584
396,1 28 49 137,5,3.76456,430,1584
396,1 32 43 185,5,3.76456,522,1584
396,1 34 57 177,5,3.76456,538,1584
396,1 56 97 175,5,3.76456,658,1584
