Vertices,Gen set,Diameter,Average distance,BW,Connections
379,1 16 62 72,5,3.71958,302,1516
379,1 18 116 157,5,3.71958,584,1516
379,1 21 114 162,5,3.71958,596,1516
379,1 49 113 124,5,3.71958,574,1516
379,1 55 122 170,5,3.71958,696,1516
379,1 70 123 161,5,3.71958,710,1516
379,1 71 146 185,5,3.71958,806,1516
379,1 84 100 136,5,3.71958,642,1516
