Vertices,Gen set,Diameter,Average distance,Bisection width,Connections
34,1 2 8 13,3,1.78788,48,136
34,1 2 9 14,3,1.78788,52,136
34,1 3 8 12,3,1.78788,48,136
34,1 4 6 15,3,1.78788,52,136
34,1 4 11 14,3,1.78788,60,136
34,1 6 10 13,3,1.78788,60,136
