Vertices,Gen set,Diameter,Average distance,BW,Connections
374,1 9 108 172,5,3.69705,580,1496
374,1 12 64 83,5,3.69705,320,1496
