Vertices,Gen set,Diameter,Average distance,BW,Connections
349,1 9 39 102,5,3.63793,302,1396
349,1 65 92 113,5,3.63793,542,1396
349,1 105 112 155,5,3.63793,746,1396
349,1 110 134 170,5,3.63793,830,1396
