Vertices,Gen set,Diameter,Average distance,BW,Connections
376,1 11 51 98,5,3.70933,322,1504
376,1 59 103 142,5,3.70933,610,1504
376,1 70 91 130,5,3.70933,584,1504
376,1 73 162 171,5,3.70933,814,1504
376,1 86 106 157,5,3.70933,700,1504
