Vertices,Gen set,Diameter,Average distance,BW,Connections
364,1 26 45 126,5,3.67218,396,1456
364,1 70 89 130,5,3.67218,580,1456
