Vertices,Gen set,Diameter,Average distance,BW,Connections
316,1 24 42 153,5,3.53333,440,1264
316,1 68 95 118,5,3.53333,564,1264
