Vertices,Gen set,Diameter,Average distance,BW,Connections
339,1 12 102 142,5,3.60947,514,1356
339,1 17 43 115,5,3.60947,352,1356
339,1 20 73 157,5,3.60947,502,1356
339,1 23 62 143,5,3.60947,458,1356
339,1 31 111 132,5,3.60947,550,1356
339,1 35 56 65,5,3.60947,314,1356
339,1 38 59 71,5,3.60947,338,1356
339,1 48 102 164,5,3.60947,630,1356
339,1 64 100 116,5,3.60947,562,1356
339,1 74 90 129,5,3.60947,588,1356
339,1 82 139 148,5,3.60947,740,1356
339,1 95 134 155,5,3.60947,770,1356
