Vertices,Gen set,Diameter,Average distance,Bisection width,Connections
363,1 15 40 128,5,3.67403,368,1452
363,1 23 54 173,5,3.67403,502,1452
363,1 45 118 142,5,3.67403,612,1452
