Vertices,Gen set,Diameter,Average distance,Bisection width,Connections
310,1 11 49 128,5,3.51456,378,1240
310,1 19 48 101,5,3.51456,338,1240
310,1 68 89 141,5,3.51456,598,1240
