Vertices,Gen set,Diameter,Average distance,BW,Connections
337,1 23 58 65,5,3.60119,294,1348
337,1 32 140 150,5,3.60119,646,1348
337,1 44 144 164,5,3.60119,706,1348
337,1 110 122 158,5,3.60119,782,1348
