Vertices,Gen set,Diameter,Average distance,Bisection width,Connections
311,1 9 33 120,5,3.52258,326,1244
311,1 11 51 127,5,3.52258,380,1244
311,1 28 49 61,5,3.52258,278,1244
311,1 28 66 145,5,3.52258,480,1244
311,1 45 113 146,5,3.52258,610,1244
311,1 69 100 117,5,3.52258,574,1244
311,1 76 100 120,5,3.52258,594,1244
311,1 101 127 148,5,3.52258,754,1244
