Vertices,Gen set,Diameter,Average distance,BW,Connections
358,1 10 63 88,5,3.65826,324,1432
358,1 98 125 176,5,3.65826,800,1432
