Vertices,Gen set,Diameter,Average distance,BW,Connections
318,1 65 141 156,5,3.53943,726,1272
318,1 66 81 137,5,3.53943,570,1272
