Vertices,Gen set,Diameter,Average distance,BW,Connections
336,1 29 38 81,5,3.59403,298,1344
336,1 94 139 165,5,3.59403,798,1344
