Vertices,Gen set,Diameter,Average distance,Bisection width,Connections
335,1 11 51 139,5,3.59281,404,1340
335,1 14 79 101,5,3.59281,390,1340
335,1 14 106 144,5,3.59281,530,1340
335,1 24 79 114,5,3.59281,436,1340
335,1 24 106 136,5,3.59281,534,1340
335,1 29 46 164,5,3.59281,480,1340
335,1 29 94 104,5,3.59281,456,1340
335,1 61 96 104,5,3.59281,524,1340
335,1 66 80 115,5,3.59281,524,1340
