Vertices,Gen set,Diameter,Average distance,Bisection width,Connections
37,1 3 10 15,3,1.83333,58,148
37,1 4 10 15,3,1.83333,60,148
37,1 4 11 17,3,1.83333,66,148
37,1 5 9 12,3,1.83333,54,148
37,1 5 13 15,3,1.83333,68,148
37,1 5 13 17,3,1.83333,72,148
37,1 7 11 17,3,1.83333,72,148
37,1 9 13 16,3,1.83333,78,148
