Vertices,Gen set,Diameter,Average distance,Bisection width,Connections
320,1 8 61 149,5,3.55172,438,1280
320,1 9 51 132,5,3.55172,386,1280
320,1 9 88 131,5,3.55172,458,1280
320,1 19 69 148,5,3.55172,474,1280
320,1 21 71 152,5,3.55172,490,1280
320,1 71 92 101,5,3.55172,530,1280
