Vertices,Gen set,Diameter,Average distance,Bisection width,Connections
319,1 36 126 152,5,3.54717,630,1276
319,1 47 59 149,5,3.54717,512,1276
319,1 50 61 142,5,3.54717,508,1276
319,1 62 146 156,5,3.54717,730,1276
319,1 68 86 109,5,3.54717,528,1276
319,1 94 115 155,5,3.54717,730,1276
319,1 95 119 137,5,3.54717,704,1276
319,1 112 120 134,5,3.54717,734,1276
