Vertices,Gen set,Diameter,Average distance,Bisection width,Connections
388,1 20 35 133,5,3.73385,378,1552
388,1 35 61 76,5,3.73385,346,1552
388,1 56 133 159,5,3.73385,698,1552
