Vertices,Gen set,Diameter,Average distance,BW,Connections
356,1 16 132 143,5,3.65915,584,1424
356,1 92 117 136,5,3.65915,692,1424
