Vertices,Gen set,Diameter,Average distance,Bisection width,Connections
39,1 2 10 16,3,1.84211,58,156
39,1 4 8 14,3,1.84211,54,156
39,1 4 10 16,3,1.84211,62,156
39,1 4 10 17,3,1.84211,64,156
39,1 4 14 16,3,1.84211,70,156
39,1 5 8 19,3,1.84211,66,156
39,1 5 14 17,3,1.84211,74,156
39,1 9 14 18,3,1.84211,84,156
39,1 10 14 17,3,1.84211,84,156
