Vertices,Gen set,Diameter,Average distance,Bisection width,Connections
398,1 8 61 149,5,3.75063,438,1592
398,1 32 45 195,5,3.75063,546,1592
398,1 98 115 137,5,3.75063,702,1592
