Vertices,Gen set,Diameter,Average distance,BW,Connections
345,1 6 41 139,5,3.61628,374,1380
345,1 11 41 149,5,3.61628,404,1380
345,1 23 57 165,5,3.61628,492,1380
345,1 44 79 139,5,3.61628,526,1380
345,1 59 94 139,5,3.61628,586,1380
345,1 76 101 131,5,3.61628,618,1380
345,1 84 101 106,5,3.61628,584,1380
345,1 139 144 166,5,3.61628,900,1380
