Vertices,Gen set,Diameter,Average distance,BW,Connections
394,1 10 44 115,5,3.75318,340,1576
394,1 120 134 185,5,3.75318,880,1576
