Vertices,Gen set,Diameter,Average distance,BW,Connections
314,1 18 42 141,5,3.52716,404,1256
314,1 49 60 140,5,3.52716,500,1256
