Vertices,Gen set,Diameter,Average distance,Bisection width,Connections
326,1 11 92 148,5,3.56615,504,1304
326,1 15 64 102,5,3.56615,364,1304
326,1 26 72 87,5,3.56615,372,1304
326,1 38 89 132,5,3.56615,520,1304
