Vertices,Gen set,Diameter,Average distance,BW,Connections
359,1 19 49 92,5,3.65922,322,1436
359,1 22 59 130,5,3.65922,424,1436
359,1 58 160 168,5,3.65922,774,1436
359,1 73 156 170,5,3.65922,800,1436
