Vertices,Gen set,Diameter,Average distance,Bisection width,Connections
370,1 19 151 158,5,3.68293,658,1480
370,1 28 49 179,5,3.68293,514,1480
370,1 31 39 128,5,3.68293,398,1480
