Vertices,Gen set,Diameter,Average distance,BW,Connections
343,1 17 46 152,5,3.61988,432,1372
343,1 22 82 116,5,3.61988,442,1372
343,1 23 52 65,5,3.61988,282,1372
343,1 27 47 164,5,3.61988,478,1372
343,1 33 73 87,5,3.61988,388,1372
343,1 68 88 124,5,3.61988,562,1372
343,1 78 121 130,5,3.61988,660,1372
343,1 95 127 138,5,3.61988,722,1372
