Vertices,Gen set,Diameter,Average distance,BW,Connections
304,1 18 75 140,5,3.49835,468,1216
304,1 77 134 140,5,3.49835,704,1216
