Vertices,Gen set,Diameter,Average distance,BW,Connections
309,1 16 126 132,5,3.51299,550,1236
309,1 58 69 108,5,3.51299,472,1236
