Vertices,Gen set,Diameter,Average distance,Bisection width,Connections
360,1 15 51 92,5,3.66295,318,1440
360,1 19 104 176,5,3.66295,600,1440
360,1 21 57 88,5,3.66295,334,1440
