Vertices,Gen set,Diameter,Average distance,BW,Connections
378,1 44 117 137,5,3.70822,598,1512
378,1 45 130 149,5,3.70822,650,1512
