Vertices,Gen set,Diameter,Average distance,BW,Connections
397,1 10 63 88,5,3.76263,324,1588
397,1 14 63 164,5,3.76263,484,1588
397,1 45 85 194,5,3.76263,650,1588
397,1 46 119 150,5,3.76263,632,1588
