Vertices,Gen set,Diameter,Average distance,BW,Connections
362,1 14 93 115,5,3.66482,446,1448
362,1 59 85 104,5,3.66482,498,1448
362,1 78 109 135,5,3.66482,646,1448
