Vertices,Gen set,Diameter,Average distance,Bisection width,Connections
341,1 24 42 118,5,3.60588,370,1364
341,1 26 58 69,5,3.60588,308,1364
341,1 71 87 147,5,3.60588,612,1364
341,1 84 98 138,5,3.60588,642,1364
