Vertices,Gen set,Diameter,Average distance,BW,Connections
390,1 15 53 132,5,3.74036,402,1560
390,1 15 54 103,5,3.74036,346,1560
