Vertices,Gen set,Diameter,Average distance,BW,Connections
460,1 8 71 100,5,3.91939,360,1840
460,1 149 180 188,5,3.91939,1036,1840
