Vertices,Gen set,Diameter,Average distance,Bisection width,Connections
446,1 19 45 144,5,3.88539,418,1784
446,1 26 143 180,5,3.88539,700,1784
446,1 47 78 115,5,3.88539,482,1784
446,1 58 131 162,5,3.88539,704,1784
446,1 86 109 159,5,3.88539,710,1784
