Vertices,Gen set,Diameter,Average distance,BW,Connections
499,1 10 44 203,6,4.01606,516,1996
499,1 12 184 215,6,4.01606,824,1996
499,1 31 76 160,6,4.01606,536,1996
499,1 34 84 159,6,4.01606,556,1996
499,1 50 170 204,6,4.01606,850,1996
499,1 59 91 101,6,4.01606,504,1996
499,1 151 190 208,6,4.01606,1100,1996
499,1 161 188 239,6,4.01606,1178,1996
