Vertices,Gen set,Diameter,Average distance,Bisection width,Connections
416,1 15 79 132,5,3.80482,454,1664
416,1 24 77 141,5,3.80482,486,1664
416,1 27 63 184,5,3.80482,550,1664
416,1 28 63 79,5,3.80482,342,1664
416,1 33 59 168,5,3.80482,522,1664
416,1 33 92 111,5,3.80482,474,1664
416,1 38 136 162,5,3.80482,674,1664
416,1 39 62 72,5,3.80482,348,1664
416,1 118 136 202,5,3.80482,914,1664
