Vertices,Gen set,Diameter,Average distance,Bisection width,Connections
465,1 17 77 88,5,3.93103,366,1860
465,1 37 59 164,5,3.93103,522,1860
465,1 82 196 224,5,3.93103,1006,1860
465,1 121 134 157,5,3.93103,826,1860
