Vertices,Gen set,Diameter,Average distance,Bisection width,Connections
461,1 13 68 114,5,3.92174,392,1844
461,1 18 63 156,5,3.92174,476,1844
461,1 27 124 198,5,3.92174,700,1844
461,1 39 61 129,5,3.92174,460,1844
461,1 71 204 218,5,3.92174,988,1844
461,1 93 130 174,5,3.92174,796,1844
461,1 128 145 227,5,3.92174,1002,1844
461,1 132 161 222,5,3.92174,1032,1844
