Vertices,Gen set,Diameter,Average distance,BW,Connections
421,1 10 122 192,5,3.81905,650,1684
421,1 42 65 72,5,3.81905,360,1684
421,1 76 112 176,5,3.81905,730,1684
421,1 109 136 182,5,3.81905,856,1684
