Vertices,Gen set,Diameter,Average distance,BW,Connections
496,1 8 88 149,6,4.00202,492,1984
496,1 40 56 243,6,4.00202,680,1984
