Vertices,Gen set,Diameter,Average distance,BW,Connections
462,1 42 151 180,5,3.92408,748,1848
462,1 60 168 205,5,3.92408,868,1848
462,1 91 108 210,5,3.92408,820,1848
