Vertices,Gen set,Diameter,Average distance,Bisection width,Connections
473,1 34 46 155,6,3.95339,472,1892
473,1 57 65 153,6,3.95339,552,1892
473,1 72 83 192,6,3.95339,696,1892
473,1 101 131 177,6,3.95339,820,1892
