Vertices,Gen set,Diameter,Average distance,BW,Connections
498,1 101 186 222,6,4.01006,1020,1992
498,1 126 143 204,6,4.01006,948,1992
