Vertices,Gen set,Diameter,Average distance,BW,Connections
412,1 6 122 190,5,3.80292,638,1648
412,1 27 45 150,5,3.80292,446,1648
412,1 61 86 139,5,3.80292,574,1648
412,1 83 119 134,5,3.80292,674,1648
