Vertices,Gen set,Diameter,Average distance,BW,Connections
470,1 18 77 123,5,3.94243,438,1880
470,1 46 107 221,5,3.94243,750,1880
470,1 104 151 177,5,3.94243,866,1880
470,1 130 166 190,5,3.94243,974,1880
470,1 160 184 200,5,3.94243,1090,1880
