Vertices,Gen set,Diameter,Average distance,BW,Connections
405,1 15 54 103,5,3.78713,346,1620
405,1 24 140 200,5,3.78713,730,1620
405,1 27 165 173,5,3.78713,732,1620
405,1 35 50 94,5,3.78713,360,1620
405,1 35 56 65,5,3.78713,314,1620
405,1 45 83 145,5,3.78713,548,1620
405,1 122 130 180,5,3.78713,866,1620
