Vertices,Gen set,Diameter,Average distance,BW,Connections
425,1 7 45 153,5,3.83491,412,1700
425,1 115 182 204,5,3.83491,1004,1700
