Vertices,Gen set,Diameter,Average distance,Bisection width,Connections
449,1 36 43 98,5,3.90625,356,1796
449,1 60 92 197,5,3.90625,700,1796
449,1 94 208 217,5,3.90625,1040,1796
449,1 122 136 212,5,3.90625,942,1796
