Vertices,Gen set,Diameter,Average distance,Bisection width,Connections
439,1 15 86 138,5,3.86758,480,1756
439,1 18 49 190,5,3.86758,516,1756
439,1 23 81 215,5,3.86758,640,1756
439,1 27 72 159,5,3.86758,518,1756
439,1 35 63 86,5,3.86758,370,1756
439,1 35 97 117,5,3.86758,500,1756
439,1 65 149 201,5,3.86758,832,1756
439,1 67 111 210,5,3.86758,778,1756
439,1 75 83 127,5,3.86758,572,1756
439,1 87 122 168,5,3.86758,756,1756
439,1 97 138 216,5,3.86758,904,1756
439,1 165 189 199,5,3.86758,1108,1756
