Vertices,Gen set,Diameter,Average distance,Bisection width,Connections
454,1 17 77 88,5,3.90508,366,1816
454,1 66 171 183,5,3.90508,842,1816
454,1 112 129 187,5,3.90508,858,1816
