Vertices,Gen set,Diameter,Average distance,BW,Connections
444,1 27 76 93,5,3.88036,394,1776
444,1 45 125 144,5,3.88036,630,1776
444,1 52 61 204,5,3.88036,636,1776
444,1 82 106 204,5,3.88036,786,1776
444,1 84 131 152,5,3.88036,736,1776
444,1 103 180 195,5,3.88036,958,1776
