Vertices,Gen set,Diameter,Average distance,BW,Connections
451,1 37 80 91,5,3.89778,418,1804
451,1 39 62 221,5,3.89778,646,1804
451,1 100 114 159,5,3.89778,748,1804
451,1 156 185 195,5,3.89778,1074,1804
