Vertices,Gen set,Diameter,Average distance,Bisection width,Connections
486,1 82 150 181,5,4.02268,828,1944
486,1 120 145 226,5,4.02268,984,1944
