Vertices,Gen set,Diameter,Average distance,BW,Connections
481,1 11 40 145,6,3.97083,394,1924
481,1 12 132 184,6,3.97083,658,1924
481,1 53 136 149,6,3.97083,678,1924
481,1 118 175 215,6,3.97083,1018,1924
