Vertices,Gen set,Diameter,Average distance,Bisection width,Connections
413,1 36 43 98,5,3.79612,356,1652
413,1 48 76 161,5,3.79612,572,1652
413,1 112 125 195,5,3.79612,866,1652
