Vertices,Gen set,Diameter,Average distance,BW,Connections
426,1 22 174 182,5,3.83294,758,1704
426,1 28 96 147,5,3.83294,544,1704
426,1 48 104 182,5,3.83294,670,1704
426,1 60 146 165,5,3.83294,744,1704
426,1 111 118 146,5,3.83294,752,1704
