Vertices,Gen set,Diameter,Average distance,Bisection width,Connections
447,1 14 51 160,5,3.88789,452,1788
447,1 32 156 203,5,3.88789,784,1788
447,1 35 46 144,5,3.88789,452,1788
447,1 35 123 152,5,3.88789,622,1788
447,1 36 176 218,5,3.88789,862,1788
447,1 37 166 213,5,3.88789,834,1788
447,1 38 50 108,5,3.88789,394,1788
447,1 42 68 145,5,3.88789,512,1788
447,1 45 62 174,5,3.88789,564,1788
447,1 93 137 147,5,3.88789,756,1788
447,1 144 166 200,5,3.88789,1022,1788
