Vertices,Gen set,Diameter,Average distance,Bisection width,Connections
48,1 4 11 17,3,1.97872,66,192
48,1 4 13 19,3,1.97872,74,192
48,1 5 17 20,3,1.97872,86,192
48,1 6 9 22,3,1.97872,76,192
48,1 7 10 22,3,1.97872,80,192
