Vertices,Gen set,Diameter,Average distance,BW,Connections
445,1 8 75 103,5,3.88288,374,1780
445,1 26 90 108,5,3.88288,450,1780
445,1 57 69 212,5,3.88288,678,1780
445,1 65 154 167,5,3.88288,774,1780
445,1 110 180 212,5,3.88288,1006,1780
445,1 129 203 212,5,3.88288,1090,1780
