Vertices,Gen set,Diameter,Average distance,BW,Connections
415,1 12 82 136,5,3.80193,462,1660
415,1 30 68 85,5,3.80193,368,1660
415,1 65 124 150,5,3.80193,680,1660
415,1 71 113 167,5,3.80193,704,1660
415,1 76 127 173,5,3.80193,754,1660
415,1 85 105 177,5,3.80193,736,1660
415,1 115 130 164,5,3.80193,820,1660
415,1 119 183 202,5,3.80193,1010,1660
