Vertices,Gen set,Diameter,Average distance,BW,Connections
443,1 8 67 114,5,3.87783,380,1772
443,1 21 79 112,5,3.87783,426,1772
443,1 47 125 166,5,3.87783,678,1772
443,1 66 119 167,5,3.87783,706,1772
443,1 114 178 194,5,3.87783,974,1772
443,1 136 157 196,5,3.87783,980,1772
443,1 136 191 202,5,3.87783,1060,1772
443,1 153 165 211,5,3.87783,1060,1772
