Vertices,Gen set,Diameter,Average distance,BW,Connections
436,1 11 51 118,5,3.85977,362,1744
436,1 11 64 92,5,3.85977,336,1744
436,1 35 90 119,5,3.85977,490,1744
436,1 48 119 204,5,3.85977,744,1744
436,1 122 137 171,5,3.85977,862,1744
