Vertices,Gen set,Diameter,Average distance,BW,Connections
485,1 5 70 96,5,4.07025,344,1940
485,1 7 176 212,5,4.07025,792,1940
485,1 39 208 233,5,4.07025,962,1940
485,1 45 164 170,5,4.07025,760,1940
485,1 50 135 139,5,4.07025,650,1940
485,1 98 102 124,5,4.07025,650,1940
485,1 167 193 199,5,4.07025,1120,1940
