Vertices,Gen set,Diameter,Average distance,Bisection width,Connections
414,1 9 49 112,5,3.79903,342,1656
414,1 9 96 178,5,3.79903,568,1656
414,1 116 135 169,5,3.79903,842,1656
