Vertices,Gen set,Diameter,Average distance,BW,Connections
431,1 17 89 100,5,3.84651,414,1724
431,1 28 50 195,5,3.84651,548,1724
431,1 29 70 77,5,3.84651,354,1724
431,1 30 81 125,5,3.84651,474,1724
431,1 42 55 117,5,3.84651,430,1724
431,1 47 104 181,5,3.84651,666,1724
431,1 76 132 158,5,3.84651,734,1724
431,1 92 149 160,5,3.84651,804,1724
