Vertices,Gen set,Diameter,Average distance,Bisection width,Connections
418,1 9 96 154,5,3.81055,520,1672
418,1 20 47 150,5,3.81055,436,1672
418,1 35 61 76,5,3.81055,346,1672
418,1 36 148 169,5,3.81055,708,1672
418,1 38 157 203,5,3.81055,798,1672
418,1 93 110 150,5,3.81055,708,1672
418,1 152 185 205,5,3.81055,1086,1672
