Vertices,Gen set,Diameter,Average distance,Bisection width,Connections
472,1 15 67 124,6,3.95117,414,1888
472,1 26 90 108,6,3.95117,450,1888
472,1 27 63 212,6,3.95117,606,1888
472,1 35 132 155,6,3.95117,646,1888
