Vertices,Gen set,Diameter,Average distance,BW,Connections
420,1 11 87 190,5,3.81623,578,1680
420,1 35 43 160,5,3.81623,478,1680
420,1 93 135 158,5,3.81623,774,1680
420,1 127 160 175,5,3.81623,926,1680
420,1 138 161 171,5,3.81623,942,1680
420,1 170 183 191,5,3.81623,1090,1680
