Vertices,Gen set,Diameter,Average distance,BW,Connections
410,1 6 56 91,5,3.79707,308,1640
410,1 6 80 115,5,3.79707,404,1640
410,1 9 54 94,5,3.79707,316,1640
410,1 10 61 188,5,3.79707,520,1640
410,1 20 121 198,5,3.79707,680,1640
