Vertices,Gen set,Diameter,Average distance,BW,Connections
463,1 11 68 211,5,3.92641,582,1852
463,1 42 65 78,5,3.92641,372,1852
463,1 57 79 184,5,3.92641,642,1852
463,1 78 143 184,5,3.92641,812,1852
