Vertices,Gen set,Diameter,Average distance,Bisection width,Connections
422,1 10 63 88,5,3.82185,324,1688
422,1 11 49 116,5,3.82185,354,1688
422,1 12 67 174,5,3.82185,508,1688
422,1 17 155 166,5,3.82185,678,1688
422,1 115 149 164,5,3.82185,858,1688
