Vertices,Gen set,Diameter,Average distance,BW,Connections
455,1 34 166 216,5,3.90749,834,1820
455,1 54 99 181,5,3.90749,670,1820
455,1 59 74 214,5,3.90749,696,1820
455,1 145 181 190,5,3.90749,1034,1820
455,1 174 181 219,5,3.90749,1150,1820
