Vertices,Gen set,Diameter,Average distance,BW,Connections
495,1 15 55 144,6,4.00405,430,1980
495,1 32 120 141,6,4.00405,588,1980
495,1 42 120 232,6,4.00405,790,1980
495,1 55 120 141,6,4.00405,634,1980
