Vertices,Gen set,Diameter,Average distance,BW,Connections
476,1 46 50 179,5,4.05684,552,1904
476,1 117 138 146,5,4.05684,804,1904
