Vertices,Gen set,Diameter,Average distance,BW,Connections
469,1 11 70 98,5,3.95299,360,1876
469,1 49 119 128,5,3.95299,594,1876
