Vertices,Gen set,Diameter,Average distance,BW,Connections
464,1 78 96 168,5,3.95464,686,1856
464,1 96 114 204,5,3.95464,830,1856
