Vertices,Gen set,Diameter,Average distance,BW,Connections
457,1 19 108 138,5,3.91228,532,1828
457,1 24 113 150,5,3.91228,576,1828
457,1 27 120 206,5,3.91228,708,1828
457,1 55 131 179,5,3.91228,732,1828
457,1 77 106 220,5,3.91228,808,1828
457,1 120 182 202,5,3.91228,1010,1828
457,1 143 179 194,5,3.91228,1034,1828
457,1 147 184 193,5,3.91228,1050,1828
