Vertices,Gen set,Diameter,Average distance,Bisection width,Connections
479,1 8 45 185,6,3.96653,478,1916
479,1 14 52 203,6,3.96653,540,1916
479,1 55 79 175,6,3.96653,620,1916
479,1 60 83 174,6,3.96653,636,1916
479,1 66 97 210,6,3.96653,748,1916
479,1 145 181 202,6,3.96653,1058,1916
479,1 149 217 234,6,3.96653,1202,1916
479,1 171 209 225,6,3.96653,1212,1916
