Vertices,Gen set,Diameter,Average distance,BW,Connections
428,1 15 64 102,5,3.83841,364,1712
428,1 57 178 204,5,3.83841,880,1712
