Vertices,Gen set,Diameter,Average distance,Bisection width,Connections
402,1 17 107 118,5,3.77805,486,1608
402,1 18 45 130,5,3.77805,388,1608
402,1 41 64 71,5,3.77805,354,1608
402,1 49 80 139,5,3.77805,538,1608
402,1 110 117 152,5,3.77805,760,1608
