Vertices,Gen set,Diameter,Average distance,BW,Connections
492,1 14 83 102,5,4.07943,400,1968
492,1 61 108 174,5,4.07943,688,1968
492,1 83 102 178,5,4.07943,728,1968
492,1 83 144 150,5,4.07943,756,1968
492,1 102 121 216,5,4.07943,880,1968
