Vertices,Gen set,Diameter,Average distance,BW,Connections
475,1 5 172 208,5,4.06751,772,1900
475,1 58 185 189,5,4.06751,866,1900
475,1 150 156 220,5,4.06751,1054,1900
475,1 153 185 191,5,4.06751,1060,1900
475,1 200 204 230,5,4.06751,1270,1900
