Vertices,Gen set,Diameter,Average distance,BW,Connections
438,1 14 52 189,5,3.86499,512,1752
438,1 14 118 164,5,3.86499,594,1752
438,1 16 76 99,5,3.86499,384,1752
438,1 44 58 82,5,3.86499,370,1752
438,1 129 158 213,5,3.86499,1002,1752
