Vertices,Gen set,Diameter,Average distance,BW,Connections
417,1 28 63 79,5,3.80769,342,1668
417,1 95 147 158,5,3.80769,802,1668
417,1 102 134 161,5,3.80769,796,1668
