Vertices,Gen set,Diameter,Average distance,Bisection width,Connections
52,1 6 19 22,3,2.05882,96,208
52,1 7 11 16,3,2.05882,70,208
52,1 8 19 23,3,2.05882,102,208
52,1 9 15 20,3,2.05882,90,208
52,1 11 14 18,3,2.05882,88,208
