Vertices,Gen set,Diameter,Average distance,BW,Connections
500,1 9 80 112,6,4.01403,404,2000
500,1 68 111 120,6,4.01403,600,2000
