Vertices,Gen set,Diameter,Average distance,Bisection width,Connections
95,1 4 10 37,3,2.48936,104,380
95,1 7 25 30,3,2.48936,126,380
95,1 7 33 43,3,2.48936,168,380
95,1 9 39 42,3,2.48936,182,380
95,1 10 18 23,3,2.48936,104,380
95,1 10 27 45,3,2.48936,166,380
95,1 15 20 28,3,2.48936,128,380
95,1 17 30 40,3,2.48936,176,380
95,1 19 25 42,3,2.48936,174,380
95,1 21 27 36,3,2.48936,170,380
95,1 23 29 39,3,2.48936,184,380
95,1 24 33 45,3,2.48936,206,380
95,1 30 38 43,3,2.48936,224,380
