Vertices,Gen set,Diameter,Average distance,Bisection width,Connections
98,1 7 16 43,3,2.50515,134,392
98,1 7 30 41,3,2.50515,158,392
98,1 12 31 40,3,2.50515,168,392
98,1 19 24 32,3,2.50515,152,392
