Vertices,Gen set,Diameter,Average distance,Bisection width,Connections
96,1 4 16 35,3,2.49474,112,384
96,1 11 16 44,3,2.49474,144,384
96,1 15 18 25,3,2.49474,118,384
96,1 15 39 46,3,2.49474,202,384
96,1 23 30 39,3,2.49474,186,384
